zona,pendiente_media,elevacion_media,px
0901000011716,23.010109097531394,2635.1376689189187,1184
0901000012150,3.2298414239489226,2282.4903160040776,981
0901000011133,3.4596066295986665,2276.389036924248,2627
0901000011307,4.4303797079829,2387.7458306945323,4737
0901000010281,20.087318014194175,2458.4835294117647,850
0901000012199,17.830068638583217,2401.632084534102,1041
0901000012269,22.76801082601449,2381.069693094629,1564
0901000012273,17.040468185822206,2514.3444086288123,4033
0901000011330,11.55922072973964,2612.278401997503,7209
090100001181A,21.87204854319796,2430.656069364162,1384
0901000011684,12.758534769684601,2576.079214861549,2853
0901000011665,22.071350590045316,2506.3160518444665,1003
0901000010578,11.671182920810987,2403.600867678959,1383
0901000010597,8.515400951339577,2358.683606557377,610
0901000010690,9.516437819850204,2365.6689741976083,1589
0901000010915,12.630022537494119,2401.261111111111,1440
0901000012216,20.228789089370075,2523.2487065779746,2706
0901000011275,4.630846261045063,2337.2030817858554,5062
0901000010065,6.126109792306289,2292.5209903121636,929
0901000011063,2.9726177465523986,2266.6134937238494,1912
0901000011542,10.816259303269756,2544.387759762503,4379
0901000012358,17.850057283936522,2520.739025128671,3303
0901000012057,20.065357984668342,2542.655437921078,1039
0901000012201,23.577778130446003,2520.818956336528,939
0901000011222,6.576795826505125,2333.299676898223,1238
090100001128A,4.6950147897651195,2388.1705298013244,4832
0901000011364,17.706263122147202,2673.014427412083,1109
0901000010027,7.854129700350356,2290.837837837838,1073
0901000010031,8.59647589282065,2353.424220963173,1412
0901000010987,4.444329056007354,2285.395792563601,2044
0901000010991,5.296146505522378,2273.499135695765,2314
0901000011006,3.799463373175693,2263.857824427481,2096
0901000011769,16.514241423337783,2672.60633213859,10044
0901000012042,23.06424263938247,2580.6791277258567,642
0901000010718,8.696335271932636,2366.6857142857143,105
0901000011951,11.756862312838944,2351.51867219917,723
0901000010012,7.72706396944724,2322.472222222222,576
090100001021A,5.1620614793791155,2365.509090909091,110
0901000011044,4.422404447379715,2289.890843923102,3069
0901000010525,4.142099779328517,2285.437869822485,676
0901000011129,5.995389448207388,2298.746572313136,2261
090100001053A,11.153849621275862,2463.1281755196305,866
0901000011970,15.668992711586583,2390.1089494163425,771
0901000010826,4.6248316211951215,2317.59477124183,153
0901000010830,3.6266055844343223,2298.377358490566,265
0901000010845,3.685491649449341,2295.980322003578,559
0901000011010,9.68593927053416,2345.5361344537814,1190
0901000010722,10.409651167922084,2351.348275862069,580
090100001103A,7.042543376025947,2315.9365361803084,1686
0901000010614,6.191071315030161,2326.3472485768502,527
0901000012362,9.593381294848799,2367.750495049505,505
0901000010629,5.576618440233751,2303.0804953560373,646
0901000011881,19.377300185470197,2541.214057507987,2191
0901000011928,23.1968522301626,2377.2382445141066,319
0901000011966,13.389783477595522,2409.4539641943734,782
0901000012004,9.899570418649535,2552.13671875,1024
0901000012019,22.22680010932117,2493.0073529411766,1088
0901000012038,20.941866841311022,2495.406976744186,602
0901000012131,8.590357821736752,2345.9246794871797,624
0901000012184,15.048503376650604,2387.985394352483,2054
0901000010084,9.395620568701974,2324.790804597701,435
0901000012292,14.492975052617238,2367.3364661654136,2660
0901000011114,5.752883717215525,2293.378978534419,1351
0901000011078,25.548725175762275,2473.367018323154,1801
090100001110A,6.951380932738882,2331.7417289220916,2811
0901000011190,6.0258218286300504,2312.1440594059404,2020
0901000011203,4.685297687973037,2287.263233190272,1398
0901000010563,17.5628902392755,2402.2653508771928,1368
0901000011148,11.747051101585704,2561.9831618334892,6414
090100001167A,15.899815050937255,2629.3512646954046,2807
0901000011519,17.031793394703556,2361.5764462809916,968
0901000011523,18.539948993993114,2331.8236363636365,550
0901000011631,15.000343824873848,2522.178510998308,1182
0901000011646,16.214328293533075,2472.253144654088,636
0901000011650,20.78514782642093,2451.7384615384617,650
0901000010046,15.291672631126538,2314.228793774319,1285
0901000010050,9.775517443783917,2297.8149717514125,708
0901000010101,7.967209708020267,2339.631313131313,198
0901000010116,9.099624862964417,2311.8572433192685,1422
0901000010493,9.160094608717701,2339.5932432432433,740
0901000010173,6.152913125229208,2386.935916542474,671
0901000010188,6.624651475741591,2373.0062893081763,159
0901000010224,3.401135660607055,2360.0333333333333,90
0901000010239,4.325976287254376,2353.2036474164133,329
0901000010421,5.034726962894144,2292.440951229343,2481
0901000010807,5.549994999960124,2316.4794520547944,219
0901000010243,10.143256854330419,2362.592561284869,1183
0901000010258,5.501116107790217,2378.7913669064747,139
0901000010262,6.27713014999149,2372.0545454545454,165
0901000010277,4.815421795270619,2363.0080645161293,124
0901000010192,5.291543515447299,2358.6666666666665,150
0901000010506,9.114449588158674,2321.3956834532373,278
0901000010328,14.613059229871473,2407.5179533213645,1114
0901000010332,12.252641882368863,2393.295336787565,579
0901000010347,17.569544120755946,2388.727959697733,397
0901000010351,16.35708238962205,2375.588118811881,505
0901000010370,24.404747487460924,2358.9074074074074,324
0901000010440,20.485246238947234,2411.6161202185795,732
0901000010296,7.576133350228929,2438.309734513274,791
090100001060A,5.730016968762328,2321.750439367311,569
0901000010737,5.693212026251887,2344.453703703704,108
0901000010741,11.881826766223448,2315.8966101694914,590
0901000010756,7.241146057105771,2338.9,180
0901000010760,7.58867751117911,2330.3225806451615,217
0901000010775,4.260573211187041,2323.4716981132074,159
090100001092A,10.855902281436355,2324.4455445544554,2323
0901000010949,6.932314869433182,2380.615114235501,569
0901000010953,9.655802603175164,2353.4563928873836,1181
0901000010968,7.316133131154203,2325.813422179914,2101
0901000010972,5.071235443374023,2304.0783582089553,1608
0901000012146,3.1251935793407717,2283.4714285714285,280
0901000010385,17.327948089332214,2344.4503311258277,302
0901000011453,23.02656523839228,2346.1015118790497,463
0901000011059,5.296234661523252,2278.6846846846847,2109
0901000010205,4.808199104908204,2373.4159292035397,113
0901000011792,12.674957062080011,2353.3938775510205,490
0901000012377,15.854732756093153,2347.227074235808,458
0901000012343,18.7209392812497,2439.702999577524,2367
0901000012381,23.091669755593188,2816.4563953488373,344
0901000011824,20.986103158306157,2444.2004555808658,878
0901000010510,5.551369515968854,2301.1134020618556,776
0901000011947,12.00133060335376,2425.5564853556484,956
0901000012080,11.335405185100674,2521.869135802469,405
0901000012108,13.495140064334073,2320.0599571734474,1401
0901000012305,23.85147046835236,2522.690253671562,749
0901000011152,18.59235972629889,2495.5528634361235,2270
0901000011186,7.133015988041049,2367.0515267175574,2096
090100001078A,7.555595826175175,2314.4513888888887,144
0901000011595,13.423589609027966,2479.949566989302,1963
0901000011294,3.661413668899711,2358.0490696825977,5482
0901000010794,6.1182516113091125,2307.607843137255,102
0901000011985,17.59663513625759,2359.345498783455,411
0901000011345,14.392288972699511,2690.765815324165,2545
0901000011557,14.264186099369855,2417.154929577465,1207
0901000011561,15.50906238211534,2420.1428571428573,448
0901000010417,10.233680704242534,2318.5616666666665,600
0901000010455,16.47312692127037,2437.0238693467336,796
090100001014A,10.137707283989442,2363.049597855228,746
0901000010703,10.658301137424385,2387.480701754386,285
0901000010864,14.362375566066675,2517.665009940358,1006
0901000010900,20.077943295551403,2434.888671875,512
0901000011025,10.285658672025379,2366.536064874093,4686
0901000011773,5.786612308316712,2317.222686151705,1437
0901000011805,9.389818323517908,2340.331589958159,956
0901000010099,10.55339295757493,2319.330275229358,872
0901000011218,10.354372413636499,2374.177570093458,1284
0901000011858,10.668909512539509,2455.2649874797467,6789
0901000011699,12.226049629678172,2499.071301020408,7840
0901000011913,18.31120164690331,2376.368782161235,583
0901000010544,8.856611052574344,2462.0079155672825,758
0901000010648,7.9984443107924985,2292.1805054151623,277
0901000010633,8.138213749864844,2294.874651810585,359
0901000011627,19.104907457503863,2488.557014512785,1447
0901000010135,7.289025297143057,2292.3194680249007,3534
0901000010686,9.82190282772127,2450.306420233463,1028
0901000010559,9.977417995392956,2444.2176308539947,726
0901000010667,14.302695778562263,2462.0324840764333,1570
0901000010671,23.122265827732328,2429.4443535188216,1222
0901000011260,4.237849358481936,2351.4141610087295,6186
0901000011237,4.801571902294437,2330.6184340931613,2018
0901000011241,4.646298316532055,2308.3918249380677,2422
0901000011580,21.78094527644412,2415.185294117647,1700
0901000011843,20.88111218175375,2480.171083705064,3811
0901000011171,14.913461858633891,2395.215942277959,5821
0901000012254,17.497375876856644,2423.122699386503,1141
090100001224A,20.02100948354797,2447.71001150748,869
0901000012288,17.81551234987278,2414.144997173544,3538
0901000010898,10.41593946686156,2479.7654320987654,567
0901000012339,22.925302506773573,2460.9066788655077,3279
0901000010313,19.523689250055348,2422.04238410596,755
0901000012023,21.751243145121297,2466.558869701727,637
0901000012324,9.958478050102674,2547.134928229665,1045
090100001231A,19.178699832550922,2552.0261941448384,649
0901000012095,16.272026379612782,2508.3551491819057,1039
0901000012220,25.43915345257873,2470.5565789473685,760
090100001199A,11.50542196109191,2330.189655172414,406
0901000010474,8.141255776088196,2325.766592920354,904
0901000012112,6.963451361777028,2310.971384377417,1293
0901000012235,17.684511107489747,2519.782196969697,528
0901000011434,11.449838525277713,2333.15421686747,830
0901000010169,11.929826309398209,2374.9308755760367,434
0901000012076,16.809891837840617,2386.637688442211,1990
0901000012061,17.575688012075222,2404.9599010775482,11322
0901000010309,10.448616276469874,2460.785037878788,1056
0901000011472,14.890339727887591,2468.8130679359583,2311
0901000011379,14.64936527191,2528.8697674418604,6235
0901000010811,4.910182265040555,2301.7029569892475,744
0901000011788,6.595284418392685,2326.0829361296474,1049
0901000011839,19.197203045134465,2393.8089795918368,1225
0901000012165,8.085180993043616,2376.592085235921,657
0901000010489,14.831342650502995,2360.474358974359,546
090100001174A,20.98157199579923,2713.4505844845908,1882
0901000011754,39.97244427587161,2847.1957484499558,2258
090100001135A,17.595598958300812,2823.9843228819213,2998
0901000011720,18.659628119724683,2869.114022773358,6411
0901000011468,12.409249465810406,2354.283185840708,339
0901000011932,15.733989585362771,2366.5555555555557,405
0901000011487,21.04977389260783,2388.9218989280243,653
0901000011735,24.2799954940465,2704.3221040189123,3384
0901200010604,5.941672392421996,2559.2833333333333,1260
0901200011072,7.276297521883747,2338.4573622881358,3776
0901200011424,9.644182199260003,2434.104787714544,1107
0901200010498,2.1988688013353688,2238.8415224913497,1445
0901200010125,4.4418328732376615,2286.0498442367602,642
0901200010445,2.5549138921098065,2249.8462477120197,1639
0901200010074,6.532562157263267,2318.87084398977,2346
0901200010159,5.55760123609861,2276.914149443561,629
090120001045A,2.6690333828831476,2248.0362017804155,1685
0901200010411,2.704820542842508,2258.020300088261,1133
0901200010017,7.097964622683193,2422.3561368209257,994
0901200010214,3.0228292125991874,2247.7142088266955,1858
090120001077A,5.570265753662618,2588.142964071856,1336
0901200010267,2.303533468993689,2240.142162818955,823
0901200010303,5.151306292562861,2507.580310880829,1351
0901200012066,6.483151969206241,2430.2261904761904,1512
090120001198A,1.688596890671736,2238.55873015873,315
0901200012174,2.9304962260748804,2239.28,425
0901200011994,3.2004525147097667,2239.446002805049,713
0901200010500,4.35736666656779,2532.297035040431,1855
0901200011000,3.334780283726891,2245.9228529839884,1374
090120001216A,2.406946325038185,2238.878048780488,820
0901200011509,26.150987171821757,2686.3374283374283,1221
090120001020A,2.25055510754531,2243.603448275862,870
0901200010021,4.030907988770993,2412.894673123487,826
0901200010106,4.493915298042523,2294.175799086758,1314
090120001013A,5.087163745646414,2281.5709828393137,641
0901200010182,4.355972973068927,2260.640900195695,2044
0901200010197,2.5056754559475545,2245.710871241326,1297
0901200010040,7.365456941501226,2453.796370967742,992
0901200271763,11.10539955601405,2766.594376262234,6437
0901200012070,6.191169385125969,2416.840363937138,6045
0901200011068,3.9121023982213243,2269.5312180143296,977
0901200012121,5.00171720690087,2287.119226488592,7188
090120027180A,10.478928356553158,2758.912271112326,3659
0901200011975,2.623869451336727,2238.5,1964
0901200011388,9.142361874326703,2457.9214365881035,1782
0901200011956,8.977434522349423,2373.8852562087395,3181
0901200010430,2.984403586678292,2253.1428571428573,1757
0901200011918,4.393759533838396,2243.0682137834037,1422
0901200012206,14.400938776819057,2765.5536672629696,1118
0901200012155,15.141463351721054,2368.745285951098,19304
0901200010479,2.9785226165860346,2243.690395480226,885
0901200262314,4.8912140777166275,2834.4150943396226,212
0901200011937,2.6817859496285568,2240.755319148936,376
0901200012193,16.06148151793,2455.7584175084176,1188
090120001038A,4.185221081266512,2276.7108321710834,2151
0901200010483,3.0494049012960183,2241.3226212980467,1587
0901200010712,2.584561734767424,2244.5261845386535,401
0901200010943,4.973484184009405,2292.751333333333,1500
0901200010962,3.519390489553105,2264.8443396226417,1272
0901200010568,2.5570540850311687,2244.490521327014,1688
0901200010642,7.594468807456398,2504.3526220614826,1106
0901200010407,3.375453245933909,2263.4865938430985,1007
0901200010426,3.174155445368284,2257.7251876563805,2398
0901200010572,3.3055353192860215,2243.5991058122204,671
0901200010549,3.065311394271837,2248.654626108999,1578
0901200010731,2.4771238542262073,2241.117283950617,810
0901200010765,3.0944186457748257,2242.181236673774,469
0901200010816,11.193085677051263,2578.939226519337,724
0901200010820,12.258352730583741,2564.337121212121,1320
0901200010835,13.806932463932833,2543.649946638207,937
090120001084A,11.162470865024012,2530.571672354949,1172
0901200010854,7.776314142322028,2496.233170731707,1025
0901200010869,12.249318323211323,2524.5498525073745,1695
0901200010888,5.363875353746462,2425.576852418861,1633
090120001091A,6.757679384941693,2348.9951749095294,829
0901200010375,4.9550530347940125,2288.557620817844,1076
090120026248A,19.054734897591906,2910.145367412141,626
0901200010623,7.337134712839314,2536.081526452732,1153
0901200010638,6.441683370386202,2522.18838028169,1136
0901200010657,6.7782119722887995,2485.1990950226245,1547
0901200010661,5.108147979550752,2473.7027522935778,1090
0901200010676,6.239391400439455,2325.2419928825625,1124
0901200010680,5.673053905039412,2302.483399734396,753
0901200010695,4.658459432731329,2255.184306569343,548
0901200010727,2.9780038627130234,2243.0899182561307,367
0901200010939,6.457199067910732,2321.984752223634,1574
0901200010977,4.85714491564124,2257.4856535600425,1882
0901200011015,4.797948455776055,2299.321816386969,1013
0901200010996,3.102442988060188,2248.88992248062,645
090120001102A,4.87242779124861,2284.673564753004,1498
0901200011034,4.478112982931098,2274.966421825813,953
0901200011157,5.956051154450377,2337.3139274518585,2233
0901200011087,10.02786831154138,2307.64,125
0901200011091,4.535306378511403,2297.896103896104,154
0901200011104,6.691060722439139,2306.7029077117572,791
0901200011119,6.131689241619166,2339.6696914700547,1102
0901200011566,9.284613459570224,2426.215345122647,3506
0901200010089,6.4483683726167484,2303.99591002045,489
0901200011176,5.259745790267177,2358.276892430279,1506
0901200011513,12.248462063266667,2721.5841584158416,1414
0901200012013,9.570297933405046,2437.3982406086543,4206
0901200012047,22.9082421652084,2696.451170298628,1239
0901200011049,5.668144188141453,2273.734823316219,3311
0901200012051,16.12882062045668,2689.4495798319326,952
0901200011481,12.147433157095175,2689.487865588052,1607
0901200262403,6.715282891952772,2861.380144404332,2770
0901200010905,9.76139289851281,2381.447906523856,1027
0901200012136,4.734744423294021,2295.749055177627,1323
0901200012140,5.186031507824629,2305.4532782653587,1937
0901200012333,43.487123317541815,2763.358108108108,148
0901200261710,5.103421025749313,2850.649723756906,2715
0901200262329,7.952501039553826,3065.3494397759105,2856
0901200011960,9.678014242557039,2403.4135196374623,15888
0901200011462,12.427529891984678,2622.6249312052832,3634
0901200012263,9.50861706787482,2318.511612475116,1507
0901200011759,27.057414086144522,2679.4090173410405,4325
0901200011477,11.53379369555774,2665.654693877551,1225
090120001223A,9.183362789693037,2417.6134779240897,1291
0901200012244,9.085926686475165,2313.4728850325378,922
090120001052A,3.362710949550573,2523.550381033023,1181
0901200192475,6.92890549184749,3007.89904088844,3962
0901200011890,5.317135417490487,2297.0641952983724,1106
0901200010534,3.139840756323328,2250.87441314554,852
0901200012225,9.510792636011718,2383.807426597582,1158
0901200012367,15.359555251333257,2837.6860986547085,223
0901200011299,12.004113049472572,2613.293599530241,1703
0901200011903,4.036591791921176,2283.611328125,1024
0901200011316,13.63386590399462,2497.4471544715448,1476
0901200011195,13.803706296162492,2467.189097744361,2660
0901200011369,7.211396081821911,2439.6853851691862,1389
0901200011439,14.35203093723577,2616.142276422764,1230
0901200011443,10.899129216567918,2628.1717699775954,1339
0901200011585,14.95316318310896,2594.8257550614007,6026
0901200012009,7.18754871386315,2384.5788418149914,3989
0901200010784,6.370788931161509,2580.0058479532163,1197
0901200012210,15.333658693461949,2777.8688524590166,1403
0901200010464,2.413433770487097,2245.3329253365973,817
0901200010515,5.644370444740441,2534.7207425343017,1239
0901200010708,2.2069937860702487,2243.4974433893353,1369
0901200010163,4.33695954243075,2270.830065359477,765
0901200010746,2.7678912785255423,2243.54820415879,529
0901200010750,2.750110321845375,2243.3443396226417,212
0901200010801,8.72366415396317,2584.0362790697673,1075
0901200010229,2.4420265204242853,2245.0284444444446,1125
0901200010248,1.8287058205357016,2241.4369501466276,341
0901200010337,7.471554093286532,2487.84628975265,1132
0901200010341,7.459208923216632,2467.2218934911243,1690
0901200010360,5.740974526335506,2306.5316541865213,1469
0901200010233,2.7877153988050245,2242.831466395112,1964
0901200261689,11.461307587812735,2951.549199084668,3059
0901200010619,6.940583269456327,2541.2712014134277,1132
0901200010799,5.538297650094775,2572.152433425161,1089
0901200010553,2.4670816234305177,2245.6560332871013,1442
0901200010587,2.603046033692924,2241.639583333333,480
0901200010591,2.483733771236496,2238.971088435374,588
0901200010924,7.349248955460889,2331.9787714543813,2214
0901200010958,5.014710431551043,2283.449334105385,1727
0901200011123,6.481250499526234,2322.144856968959,1643
0901200011142,8.782447428216534,2351.174157303371,890
0901200011161,7.33640442535505,2382.25,1796
0901200010318,4.733224630038162,2511.344537815126,1190
0901200010322,6.573354801800417,2497.8836589698044,1126
0901200010093,5.86161015666745,2307.92817679558,724
0901200010144,3.705499695229434,2273.172680412371,776
0901200010178,3.4358364144005753,2267.8654390934844,706
0901200011570,13.893244746770305,2612.301265822785,4345
0901200011053,7.88895012673874,2287.730659025788,698
0901200012085,11.767098084436492,2385.848952590959,907
0901200012259,4.936447134809413,2284.0677966101694,531
0901200272028,9.132466214554423,2684.9664358018113,1877
0901200272032,5.411911751166512,2658.506555944056,2288
090120027230A,8.679532083325343,2840.844333748443,1606
0901200011458,16.648612595397875,2615.996409335727,1114
0901200012102,5.145602693676904,2289.2,1210
0901200011941,2.5174590563123047,2241.002985074627,335
0901200011922,2.448410374462496,2241.813829787234,376
0901200012189,8.043448944003671,2466.485623003195,1565
0901200012371,16.22542892072389,2690.1649484536083,873
0901200011744,11.466836005237354,2499.1754592789075,10179
0901200192460,6.415071173817195,2995.1303455354087,2923
0901200261528,10.403606511430052,2873.73139329806,5670
0901200010394,2.8416787839488196,2268.7069767441862,1075
0901200262390,9.460935473488664,2818.9859154929577,71
0901200272422,10.817088888325678,2832.0074460163814,2686
0901200012386,11.38462828768742,2629.4617940199337,301
090120001159A,12.930676952790721,2581.022688598979,5289
0901200010981,3.9338318040254494,2252.353410097431,2258
0901200012456,13.403041176739203,2426.4194756554307,2136
0901200010892,6.710082275135523,2408.8343875790683,1739
0901200011496,9.993902467427603,2616.361952861953,1782
0901200262437,11.23159486074745,2866.25321888412,466
0901200262297,20.335940889867903,3037.9451289949943,10388
0901200261674,10.324133872183443,2877.5255255255256,4329
090120026166A,6.73466181062531,2811.975956284153,1830
0901200011602,13.194181951176398,2654.441462596444,5962
0901200271797,13.079376456786997,2701.0898180410377,5166
0901200261706,10.347825569813452,2964.975333501133,3973
0901200261693,7.824607623156791,3051.545324768023,1401
0901200012348,13.647165441976895,2797.663677130045,446
0901200011617,18.14968207962032,2749.1816256719335,6139
0901200261532,12.52622997640046,2967.2189278227015,3339
0901200011621,15.840087325519459,2579.091202210963,6513
0901200011636,10.98422443152439,2463.5085278276483,2228
0901200011640,14.312545322442357,2487.8503616636526,4424
0901200011212,13.75756493160396,2692.6908023483365,2044
0901200011655,13.787063350068866,2766.5157673440785,1427
0901200012352,17.745386001329393,2764.0375191424196,2612
0901200012441,17.303131209699806,2579.8959393611262,9235
090120001173A,13.119604211661057,2781.783197831978,738
0901200271778,31.766415014336,2714.0655953635405,3796
0901200271782,13.781691715540981,2617.483849107748,4427
0901200011547,11.558985761704266,2518.75074748573,7358
0901200012282,10.040449899543358,2422.6613394216133,1314
0901200262418,7.414375876361747,2861.979269941415,4438
0901200012278,13.158788079360072,2478.580034423408,581
0901400010543,3.120263143718189,2276.7847847847847,999
0901400010967,6.0790173366658085,2259.5452079566003,1106
0901400010045,3.09472929966605,2248.685606060606,1056
0901400010168,1.678008693045876,2238.6455696202534,553
0901400010971,3.2008567814172615,2253.3354182955436,1279
0901400010878,2.6351362800823876,2242.4783393501807,1108
090140001051A,2.4627139814594794,2239.4171348314608,712
0901400010524,2.5481477215739057,2240.085561497326,748
0901400010346,4.575525767085434,2271.552985074627,1340
0901400010670,2.5994222464886247,2240.720748829953,1282
0901400010914,4.6731242897309455,2278.0204081632655,1225
0901400010115,2.554223991723684,2239.46517213771,1249
0901400011024,2.6127665170681444,2243.954929577465,1420
0901400010153,2.9952879935627723,2238.449324324324,592
0901400010219,6.444751969397989,2258.441247002398,1251
0901400010882,4.007566249057219,2286.6984732824426,1048
0901400010187,3.6202003075055473,2262.720288115246,1666
0901400010929,4.891374340904795,2265.7398373983738,1107
0901400010933,5.3901523251533,2263.969662921348,890
0901400010986,2.775845413629683,2248.632919254658,1610
090140001101A,3.5815588040152235,2244.955235811351,1251
0901400010990,2.912604691705823,2245.966112956811,1505
0901400010312,2.291087385330238,2239.4876441515653,607
0901400010327,2.0800730846771938,2239.883256528418,651
0901400010331,2.154061866278981,2239.729916897507,722
0901400010685,3.723359271625658,2277.4018771331057,1172
0901400010717,5.901773155775847,2266.9866863905327,1352
0901400010149,2.464839615684242,2239.7493573264783,778
0901400010172,1.9408179662267335,2238.665467625899,556
0901400010204,5.371077683160516,2254.2184643510054,1094
0901400010011,2.999378074862483,2242.6579961464354,1038
0901400010026,2.5811153195112215,2242.499089253188,1098
0901400010030,2.684525432036025,2240.654347826087,1380
090140001005A,3.1883237968451423,2244.466621253406,1468
0901400010492,2.4744616819346477,2239.9829302987196,703
0901400010825,3.896479038590308,2253.5595463137997,1058
0901400010435,2.575818099329281,2241.624072547403,1213
0901400010581,3.106133303489762,2257.911894273128,681
0901400010562,3.2504200902090745,2268.004942339374,1214
0901400010454,2.6770784252487116,2243.0863723608445,521
0901400010863,2.603246147477349,2242.4197278911565,1470
0901400010558,3.483730446628961,2272.0667920978362,1063
0901400010083,3.1193894138563834,2241.8346320346322,1155
0901400010098,2.924562044013276,2241.448220064725,1236
0901400010100,5.928599410653758,2242.0075075075074,666
0901400010793,3.5107893888910375,2269.9109071274297,1852
0901400010365,2.8309313063910633,2268.7096774193546,651
090140001083A,4.06300113452704,2251.942857142857,910
0901400010628,2.642559843812373,2246.3957636566333,1794
0901400010469,2.8607595592769095,2242.4267716535433,1270
0901400010473,3.2526903232116187,2240.9495412844035,654
0901400010420,2.6498266319582986,2245.4562130177515,1690
0901400010191,3.296797328050711,2260.8600201409868,993
0901400010596,3.816911508480881,2258.5878099173556,968
0901400010609,3.2159512258718963,2252.9258137774414,1321
0901400010613,3.3095509490343313,2250.037637521714,1727
0901400010632,2.520300752144499,2243.5734597156397,1688
0901400010948,5.434701489519976,2262.3179190751443,519
0901400010647,2.418105160073002,2241.3767258382645,1014
0901400010844,2.9806063407933467,2248.19872110182,2033
0901400010859,2.2571202853395413,2246.4064516129033,1395
0901400010350,3.605597892481098,2265.5058027079303,1034
0901400010384,4.440320887536601,2260.2781893004117,1215
0901400010399,3.311769658951219,2255.157414448669,1315
090140001069A,3.0657322758240926,2272.2722513089006,1146
0901400010702,3.4885407825750794,2266.745484400657,1218
0901400010257,3.065343284092698,2244.3760270662156,2069
0901400010261,3.0720257344935717,2243.3735277621986,1783
0901400010276,3.0785863198653582,2241.7259933774835,1208
0901400010755,4.017889850482193,2252.255942947702,1262
090140001037A,2.561255685997202,2264.5857740585775,717
0901400010488,2.4343876303902166,2239.321359223301,1030
0901400010242,3.471290461326928,2246.1575809199317,1174
0901400010064,2.923744791244152,2241.6119791666665,1152
090140001012A,2.7151956275027214,2239.3342803030305,1056
090140001044A,2.624082053252697,2244.4843234323434,1212
0901400010079,3.246257333796844,2241.6179215930306,1607
0901400010577,5.989888516457003,2264.5,2168
0901400010789,2.5068562349996455,2243.530172413793,696
0901400010897,3.2676507051129353,2273.5651644336176,821
090140001090A,4.199914739901133,2279.749019607843,1020
0901400010134,2.613396784805426,2239.011565836299,1124
0901400010952,3.6482634231387836,2254.6565420560746,1284
0901400011005,2.7120627679109974,2243.1518761167363,1679
0901400010740,3.7993415969957587,2254.8442292171108,1239
0901400010401,3.2030563494645907,2251.018951358181,1583
0901400010416,2.861311623191167,2247.840434419382,1197
0901400010280,2.6752360402697786,2239.902654867257,904
0901400010295,2.799006240113342,2239.140877598152,433
0901400010308,2.628004777383685,2238.8997867803837,938
0901400010721,4.699366592563811,2259.8859556494194,947
0901400010736,4.292851545183566,2258.870257966616,1318
090140001076A,2.9992196753959015,2250.265541059094,1303
0901400010774,3.392613158548577,2247.4196689386563,2054
0901400010806,3.5744588277656324,2261.782831988261,1363
0901400010810,3.2200062660884474,2256.257737189244,1971
0901400010238,4.0356342870386195,2251.3037214885953,1666
0901400010223,7.611674635206331,2258.175991861648,983
0901400010539,2.6628394763148213,2239.0173410404623,692
0901400010666,2.7849879129173,2240.44557329463,689
0901400010651,2.521227048941052,2240.683354192741,1598
0901400010505,2.6540582816801357,2240.16625,800
0900600010185,2.9279546884274774,2236.4542974079127,2932
0900600010147,6.404224747182791,2239.0049365303244,1418
0900600010950,1.9698023107122749,2239.1219806763283,828
090060001001A,3.3138472061339415,2235.14808259587,1695
0900600010024,2.304557130520767,2234.3500837520937,1194
0900600010927,2.4867004772789474,2237.813596491228,456
0900600010999,2.0260962012957657,2237.725581395349,215
0900600010058,2.918428584760059,2235.6032906764167,1094
0900600010109,2.1307049120994592,2234.368035190616,1364
0900600010128,3.1840790293418735,2236.595204513399,1418
0900600010132,2.4738246152187604,2237.429784304727,4358
0900600010151,5.830833781490879,2238.106116838488,7275
0900600010166,3.2665012218369887,2236.2977232924695,571
0900600010039,1.7664378148144482,2234.2584712371945,1269
0900600010217,2.813078317989872,2235.409159159159,1332
0900600010221,2.5099770137403143,2240.317515701326,1433
0900600010236,2.5057839447928054,2239.9742679680567,1127
0900600010965,3.207416023071154,2239.6712538226298,654
0900600010240,2.4739114940573774,2240.064412238325,621
0900600010255,3.0393807419797496,2238.394337016575,1448
0900600010274,2.27256643563156,2238.2578864353313,1268
0900600010378,1.9747978905558308,2239.018390804598,870
0900600010490,1.7826754496539234,2239.5836526181356,783
0900600010503,2.076678580497011,2238.661987041037,926
0900600010518,1.9358877310861013,2238.297914597815,1007
0900600010537,2.3346540443077592,2237.374442793462,673
0900600010541,2.155623551387206,2237.99872611465,785
0900600010749,2.1191771478341153,2239.1879518072287,830
0900600010804,2.1797755808807056,2238.4364864864865,740
0900600010876,1.8967842871647678,2239.6577896138483,751
0900600010931,2.9498382843120723,2236.259875259875,481
0900600010946,2.990453041247607,2238.2375533428167,703
090060001097A,2.256302929955222,2239.1455696202534,632
0900600010984,2.2710771370841787,2239.7600644122385,621
0900600011003,2.5195117492584225,2237.305978898007,853
0900600011018,2.117093385699157,2238.4692832764504,586
0900600011022,2.2305510144856617,2239.086075949367,395
0900600011037,2.2592949450923427,2238.2198852772467,523
0900600011056,2.1641833570886853,2238.8484375,640
0900600011060,1.8497417801114358,2238.6793168880454,527
0900600011075,2.370338053852269,2238.7441860465115,559
090060001108A,3.06786873071202,2237.9392971246007,626
090060001115A,2.6562269024958063,2237.0637254901962,204
0900600011198,3.3732454388950073,2236.051224944321,898
0900600010626,2.196700830142482,2236.8630573248406,314
0900600010414,2.3316838840069725,2237.6634844868736,838
0900600010683,2.284456796206785,2238.068359375,512
0900600010043,2.0989653543332873,2233.950682056663,953
0900600010077,2.797578526422427,2235.1045454545456,1100
0900600010081,2.444715015613508,2235.0573355817874,1186
0900600010096,2.878592679381947,2235.3650406504066,1230
0900600010344,2.1021422708519717,2237.3175965665237,932
0900600010359,2.3212961451261256,2236.5335714285716,1400
0900600010363,3.1149381320773144,2235.095500459137,1089
0900600010452,2.46829371771608,2238.761344537815,595
0900600010467,3.159185023411236,2238.917148362235,519
0900600010471,2.271421392775566,2239.695652173913,483
0900600010522,2.3300517570754824,2238.395620437956,685
090060001058A,2.1348164004373564,2238.7675276752766,813
0900600010607,2.2177129425012145,2237.9499553172477,1119
0900600010611,2.2706666521153025,2237.376610505451,1009
0900600010630,1.9307495169366085,2238.609756097561,369
0900600010664,3.049124075862291,2235.4891891891893,740
0900600010698,2.1048978215281324,2239.0050505050503,396
0900600010700,1.9743297555101753,2238.1313559322034,472
0900600010715,2.809267871166879,2240.307106598985,394
090060001072A,2.0490707857477486,2239.88202247191,356
0900600010787,2.406821696788575,2238.111214087118,1079
0900600010791,2.255066634195779,2238.005319148936,376
0900600010823,2.6907904541541847,2237.400280898876,712
0900600010838,2.4745842194403616,2237.1720613287903,587
0900600010842,2.785372437803951,2236.3163481953293,471
0900600010880,2.5598562117909074,2239.29263370333,991
0900600010895,2.153111292742238,2238.975814931651,951
0900600010908,3.396686832404616,2240.7993630573246,314
0900600011111,3.3518848549662383,2240.3828125,512
0900600011126,2.1995254401150426,2237.8908450704225,852
0900600011130,2.5446390271757093,2237.331343283582,670
0900600011179,3.1629005170985103,2234.374445430346,1127
0900600011183,3.1879724333925923,2235.551724137931,319
0900600011200,2.901902659984082,2234.2103524229074,908
0900600010170,2.7356494879110245,2236.066864784547,673
0900600010556,2.78169324864837,2237.716384180791,885
0900600010645,1.838273346482188,2237.5481481481484,270
090060001065A,2.662943649453891,2239.1536964980546,514
0900600010289,2.236250474029531,2237.6892857142857,280
0900600010202,3.0119236711605706,2234.967286245353,1345
090060001026A,2.2807479509183888,2238.519864750634,1183
0900600010679,2.492556133962069,2238.8237885462554,454
0900600010310,2.199810660363273,2237.240076518412,2091
0900600010325,2.7023871377010455,2237.5479632063075,1522
0900600010382,2.2464274773457267,2239.264600715137,839
0900600010397,2.2050307248400727,2238.167713567839,1592
0900600010575,1.8564126430631014,2238.9321705426355,1548
0900600010594,2.2862993706082015,2239.0945674044265,497
0900600010753,2.52748147009903,2239.582434514638,649
0900600010768,2.8359225683542832,2239.4591194968552,477
0900600010772,3.3046202034456464,2238.574043261231,601
0900600011164,3.5719261221310203,2237.2434210526317,456
0900600011041,2.8738629435018335,2238.382405745063,557
0900600011094,3.0663680947635483,2238.2472647702407,1371
0900600011107,3.359837821042133,2239.157470551767,1613
0900600010293,2.4018816692207023,2237.6488322717623,2355
0900600010429,2.392432382365995,2238.9295454545454,440
0900600010448,2.007976853844414,2238.4160401002505,399
0900600010433,2.1623748525776185,2237.3382978723403,470
0900600010486,1.8666692212015232,2239.0708661417325,508
0900600010734,2.1327773060465596,2238.8888888888887,522
090060001019A,2.97376130307659,2237.2265005662516,883
090060001033A,2.642190866007412,2237.3184898354307,1033
0900200010148,3.5414134938075277,2260.294233807267,2532
0900200010190,2.359350905071481,2251.952189229995,1987
0900200010932,3.5424054789189623,2250.1177658142665,2972
0900200010237,2.909793763835171,2260.10434090004,2511
0900200010595,2.222673209242032,2263.698731501057,946
0900200010608,2.312288275840305,2264.007556675063,794
0900200010612,2.302213223505377,2265.5625841184387,743
0900200010627,2.813331098652498,2267.4742857142855,875
0900200011038,2.49256970982898,2262.538,1500
0900200011076,3.9776505265665856,2259.566072526122,1627
0900200011080,2.765380305662859,2262.5159914712153,938
0900200011165,3.375159783055138,2247.2329658653207,7529
0900200011042,2.4071067392512955,2260.98440822112,1411
0900200010665,3.2525059652446644,2254.041279669763,1938
0900200010010,3.4183753702235853,2255.891334250344,727
0900200010025,2.4635310259574115,2254.766627771295,857
090020001003A,2.7611695075877347,2256.061224489796,833
0900200011150,3.890353992454117,2248.1181818181817,880
0900200011023,2.5582219038958787,2255.2395487723957,3014
0900200010684,3.179804090003594,2251.9602949517866,1763
0900200010044,3.275540364532265,2254.942408376963,955
090020001081A,2.169010141370803,2250.992974238876,854
090020001010A,2.4538679196126574,2254.165551839465,598
0900200010167,2.9660723033267713,2254.342857142857,770
0900200010097,2.65765304499682,2255.4720416124837,769
0900200010114,2.8587855735840724,2250.6845571287454,3037
0900200010186,2.7796548947760518,2252.459553349876,2015
0900200010260,2.146632312796427,2255.03026481715,793
0900200010415,2.8878476807836337,2243.3928266438943,1171
0900200010472,2.8879616881428243,2250.439950217797,1607
0900200010542,2.609178137536927,2243.4961024498884,1796
0900200010580,3.1322155383326287,2242.414994720169,947
0900200010650,2.587788374937188,2256.6900642609985,2023
090020001067A,2.6801924075965124,2249.7647720877885,1777
0900200010769,3.101336016396744,2243.1576780568134,2429
0900200010788,4.645983147142529,2243.76581680831,1059
0900200010792,3.1215296293299732,2252.509325681492,1394
0900200010824,2.659216940302637,2247.0936873747496,1996
0900200010858,2.393303180886343,2244.372029250457,1094
0900200011057,4.030660219135032,2245.25,952
0900200011061,2.921598253601748,2243.6923076923076,247
090020001117A,2.8192257116034876,2259.635802469136,324
0900200010843,2.7741327827478584,2245.259197324415,1196
0900200010966,2.833854374688811,2257.497175141243,1062
0900200010379,2.0481280018433456,2244.0904621435593,1017
0900200010398,2.7205121647681434,2243.5554259043174,857
0900200010275,2.523275458595596,2255.354356846473,1205
090020001028A,2.9870106267204126,2253.0567612687814,1198
0900200010294,2.399752630346042,2253.4857142857145,1225
0900200010307,2.2294326699832245,2252.1109989909182,991
0900200010311,2.34654168275482,2250.9691318327973,1555
0900200010326,2.6733135741023433,2249.2968601332063,1051
0900200010330,3.285111317490233,2248.544784580499,1764
0900200010345,2.5406842004750465,2246.696110744891,1517
090020001035A,3.217612999930865,2243.8895546558706,6175
0900200010468,2.6187422058876284,2252.473002159827,1389
0900200010487,2.4261230462373473,2248.8490566037735,954
0900200010491,2.435151924575178,2246.4496598639457,1470
0900200010504,2.7399408320931578,2246.0355113636365,1408
0900200010519,3.042478069901482,2245.0704355885077,1079
0900200011127,4.07742578217565,2252.458193979933,598
0900200010171,3.129825721960761,2255.785433070866,508
0900200010364,3.2561646137800526,2244.5678092399403,671
0900200010383,2.5436909247906296,2243.592258064516,775
0900200010561,2.668721492608757,2243.1184407796104,667
0900200010576,2.8501369373029557,2242.4539877300613,652
0900200010947,1.7668338905881995,2251.9544554455447,505
0900200010896,3.5330009152912702,2245.741666666667,240
0900200011184,2.4633146779742807,2256.72602739726,219
0900200010256,2.8289258072571353,2257.3138252756576,1179
0900200010129,4.191950932374006,2249.372572452943,3347
0900200010133,2.723002690614166,2248.0087783467447,1367
0900200010203,2.2816551049048273,2249.5926660059463,1009
0900200010218,2.356449104997816,2251.3382352941176,748
0900200010222,2.491473295334678,2247.834265734266,1430
0900200010400,2.444453751720681,2243.510893246187,918
0900200010434,2.4706619594195876,2255.66065830721,1276
0900200010449,2.9669007482554726,2257.423151750973,1028
0900200010557,2.6358547918073376,2242.3833693304537,926
0900200010631,2.374764587464101,2260.477840040754,1963
0900200010699,2.3209702651966864,2247.1608391608393,1144
0900200010701,2.6058385676351907,2249.1367346938778,980
0900200010716,2.5484162738775584,2246.7023569023568,1485
0900200010720,2.331007083778774,2243.800374882849,1067
090020001074A,3.2428041502950777,2245.0140127388536,785
0900200010754,2.472858017082008,2244.8035714285716,448
0900200010773,2.3572471393820735,2241.4300518134714,579
0900200010805,2.1648583084898125,2249.5866477272725,704
0900200010839,2.458016960109733,2245.7718592964825,995
0900200010909,3.9530888261473835,2247.537037037037,324
0900200010985,3.0468372040482077,2256.2572115384614,416
0900200011004,2.3727453052418563,2257.004043126685,1484
0900200011019,2.162975198455215,2255.8607954545455,352
0900200011095,2.6901676202129683,2260.2151589242053,1227
0900200010970,2.266554589700349,2256.7765419615775,989
090020001099A,2.280617136737226,2257.1619718309857,284
0900200011131,3.6270110664959585,2245.589531680441,363
0900200011146,3.5866582528000395,2244.556923076923,325
0900200010877,3.044898132916723,2245.5732337105815,9101
0900200010881,2.4233087154671225,2244.3567938576084,8596
0900200010928,3.2028095766389506,2252.6674152256905,4453
0900200010913,3.369594498989991,2253.1944444444443,612
0900200011112,3.1932067896236718,2252.973607038123,682
0901700010070,2.650080960165984,2236.8482309124765,1074
0901700010865,1.8343188485868436,2234.4447031431896,859
0901700011045,2.30069776541278,2237.5635103926097,866
0901700010210,2.4841406950643803,2237.69450101833,1473
0901700011308,2.4103562388389435,2235.8425,800
0901700010831,1.7328440336047604,2234.72338090011,911
0901700011191,2.425569445634622,2237.31914893617,611
0901700011219,2.161523635302684,2237.175531914894,564
0901700011223,2.466303645694827,2237.4532608695654,920
0901700010367,2.9391422299343084,2237.5402455661665,733
0901700010047,2.6284844714093403,2237.8677396780968,1429
0901700010051,2.1501372729232076,2237.678132678133,814
0901700010140,6.560009718052291,2234.2620001807936,33187
0901700010032,2.9340714357247406,2239.009063444109,1986
090170001048A,3.3585728563207184,2237.1301369863013,876
0901700010687,2.8270700552963675,2238.4306220095696,627
0901700010085,3.3654688488980686,2236.67537826685,727
0901700010102,3.289575979603573,2236.7104851330205,639
0901700010117,2.575417720757733,2236.051851851852,675
0901700010121,4.536778152325198,2237.491911764706,1360
0901700010136,4.216251719679745,2238.0871794871796,1365
0901700010155,3.3801438667625416,2237.9414556962024,632
0901700010329,2.1556095367402084,2235.305389221557,835
0901700010884,2.195383867712621,2234.1886287625416,1495
0901700010899,2.6416282925624626,2237.283,1000
0901700011030,3.0297591008068023,2234.7771626297576,1445
0901700011242,2.0012761048053807,2237.074786324786,936
0901700011261,2.4810782555922715,2237.200748129676,802
0901700011276,2.0838268407959006,2236.8015463917527,776
0901700011312,2.7163785818982156,2238.416909620991,686
0901700011399,2.196349968989175,2238.6533066132265,998
0901700011416,2.412310008715272,2237.9312288613305,1774
0901700011435,3.528579317628957,2238.946723821188,1633
090170001144A,2.8899053216800765,2238.285519125683,732
0901700011454,2.929137017735239,2238.8201219512193,328
0901700010206,2.774925442480028,2237.0901360544217,588
0901700011149,2.845591381532219,2236.875930521092,403
0901700011204,3.2990629663433273,2235.313144329897,776
0901700011238,2.812116450188588,2235.4584615384615,975
0901700011098,3.0124367783577637,2240.3010204081634,196
0901700011420,2.6174675712831594,2237.1315789473683,342
0901700010189,2.3790509000846836,2237.7406483790523,401
0901700010193,2.323164812156901,2238.0950226244345,442
0901700010475,6.146282432818987,2242.9646017699115,678
0901700010511,3.290417415883432,2238.1439688715955,1285
0901700010526,2.4417262853662356,2237.629,1000
0901700010530,2.9397061371251976,2238.082995951417,494
0901700010278,2.772700566215417,2237.5833333333335,408
0901700010244,3.51446589264026,2239.1738410596026,1208
0901700010259,2.706607704522435,2237.437070938215,437
0901700010282,2.7830623688678604,2237.007731958763,776
0901700010297,2.438601097746621,2236.5400516795867,774
090170001030A,2.5138652616701926,2236.7490706319704,1076
0901700010314,2.5131425979464073,2235.78728606357,818
0901700010333,4.985912083371172,2240.2909535452322,818
0901700010615,2.3131204366087528,2238.956912028725,557
0901700010371,3.4608408455548707,2237.458823529412,1105
0901700010386,2.09116057102617,2238.086720867209,369
0901700010390,3.145039651689597,2237.4114470842333,926
0901700010403,3.5938431238453106,2238.495854063018,1206
0901700010653,3.057412529536821,2237.63769751693,886
0901700010418,3.2406239270435098,2236.892380952381,1050
0901700010422,2.744195497630623,2236.813471502591,1158
0901700010437,2.1969376541342718,2237.0697954271964,831
0901700010441,2.739774495604274,2236.755211435378,1679
0901700010545,2.4839150892494355,2236.288198757764,805
090170001055A,2.6475259667450186,2236.528691660291,1307
0901700010564,3.119209447822682,2237.609400324149,1234
0901700010579,2.4589609440014786,2238.5409836065573,610
0901700010583,3.115388217717093,2237.79754601227,815
0901700010598,4.823272456684757,2240.0441860465116,2150
090170001062A,2.6533553672527876,2237.6504672897195,535
0901700010649,2.1769950480883207,2237.2685475444096,957
0901700010668,3.0937406070591615,2235.1476137624863,901
0901700010672,1.7297409771182284,2235.7965760322254,993
0901700010691,2.106492733561961,2238.9081272084804,566
0901700010704,3.6273815964804443,2241.0074962518743,1334
0901700010780,2.6743769122901213,2237.3896797153025,1124
0901700010808,1.597799472107041,2234.809388335704,703
0901700010812,1.768947028760181,2234.496740547588,767
0901700011079,2.776518981918858,2239.3703170028816,694
0901700011083,3.022301608810972,2238.83661971831,355
0901700011346,3.010115645617265,2238.5513784461155,399
0901700011350,3.260425669702363,2238.886153846154,325
0901700011365,3.0946110369487965,2239.1776765375853,439
090170001137A,3.2152097520624663,2238.1927083333335,576
0901700011384,2.9541525888580034,2238.102137767221,421
090170001151A,1.8480316564440582,2233.9333333333334,390
0901700011524,1.836052384318474,2234.4114114114113,999
0901700010494,2.5903724425694366,2236.997619047619,840
0901700010742,5.074131272340538,2242.097791798107,317
0901700011011,2.3423192423221537,2235.4740932642485,772
0901700011401,2.4005794353637437,2238.5793397231096,939
0901700010600,4.895731956457198,2241.044827586207,290
0901700010456,2.0786441406843954,2236.2587646076795,599
0901700010901,3.1791068108096443,2239.1517412935323,402
0901700010460,2.590121524959333,2238.713398402839,1127
0901700010263,2.7755789866668312,2238.918767507003,357
0901700010066,2.7381649166074227,2237.6206896551726,522
090170001009A,2.613252293797507,2237.1173304628633,929
090170001016A,2.8612715627225733,2238.7340206185568,485
0901700010174,2.7298737093814207,2237.740041928721,477
0901700010225,2.5400191609660547,2237.4009269988414,863
090170001023A,2.4657071113029807,2238.531914893617,705
0901700010846,1.549771007207963,2234.877192982456,741
090170001087A,2.3114809390336104,2234.828810020877,958
0901700010916,3.538245584108571,2239.1133501259446,397
0901700010920,3.8801832812485633,2239.0036036036036,555
0901700010935,3.9176965974572,2241.7775551102204,499
090170001094A,4.20412822987306,2241.7567567567567,185
090170001105A,2.4556707351570086,2239.481586402266,706
0901700011064,3.0080843761018214,2238.5076765609006,977
0901700011257,3.518618249506508,2235.8974215246635,1784
0901700011280,2.2387365366953724,2235.035714285714,896
0901700011327,3.1247580568027935,2238.6776406035665,729
0901700011331,2.650623156146335,2239.2632911392407,790
0901700011295,2.0516481468532852,2235.5723140495866,968
0901700011026,2.501204029774906,2235.713917525773,776
0901700011488,1.1466385899441023,2234.8490566037735,106
0901700011492,1.1724430928226133,2233.612612612613,111
0901700010954,2.252639917592716,2239.3220858895706,326
0901700010757,2.9366404791601077,2238.7902097902097,286
090170001112A,2.0504580190374404,2237.519047619048,210
0901700011134,2.6249878779956397,2237.591891891892,370
0901700011115,2.511464484412872,2239.0478260869563,690
0901700011153,2.398878930198503,2237.2665094339623,424
0901700010634,2.9255030953796983,2238.237396883593,1091
0901700011172,2.478166999824408,2237.4808043875687,547
0901700010992,3.3070448598095923,2238.125850340136,294
0901700011100,2.4282654951884908,2238.1401515151515,528
0901700011187,2.219737370011796,2238.246696035242,681
0901700010988,3.3226197327079823,2238.751592356688,314
0901700010969,4.263947981068146,2236.5714285714284,231
0901700010973,3.2741469411072712,2238.202572347267,311
0901700011007,2.584862635422191,2236.933539412674,647
0901700010507,2.5759547645849126,2238.598214285714,560
0901700010761,1.8570055590864454,2238.6325966850827,362
0901700010795,3.02935926621549,2236.657672849916,1186
0901700011168,3.2173416098660033,2237.8305613305615,962
0901700010827,3.9142819996328972,2235.222244856386,4909
0901700011505,1.6919258148252403,2233.8084507042254,355
0901700011469,1.8324065522244308,2233.8217821782177,101
0901700011473,1.753237974908866,2234.8823529411766,85
0901700010013,2.5125079322673876,2237.978233034571,781
0901700010028,3.224587504746753,2237.7898172323758,766
0901700010723,2.9024701855792348,2238.133333333333,345
0901700010738,2.139233802837587,2239.5345454545454,275
0901700010719,2.3901242522256845,2239.05,540
0901700010348,14.8432469966898,2255.153987167736,1091
0901700010352,4.5289331627218585,2238.6288209606987,687
0901700010776,2.531882517903445,2238.035714285714,588
0901100011323,2.109814923822651,2241.5813953488373,129
0901100011446,2.0730042017424943,2241.090909090909,1078
090110001108A,2.4094324754722263,2242.3081232492996,714
0901100010132,3.9367163011156463,2241.0637420874427,6793
0901100010452,2.1795901787760448,2239.270561542825,3526
0901100010594,4.026890510899347,2261.6688907422854,1199
0901100011111,3.361355200734093,2264.250637213254,1177
0901100011357,3.389200920761208,2257.0921518987343,1975
0901100011376,2.9883698247979775,2241.6016659229513,6723
0901100011412,3.9170758415398543,2261.685585133099,1991
0901100210787,6.697743307355269,2258.2388475836433,1076
090110001154A,2.8782974700929316,2256.961038961039,231
090110011072A,2.6821656233710587,2243.3733261917514,1867
0901100111041,2.8013314444792625,2241.312813171081,4191
0901100211018,3.8353087357492512,2247.475369458128,1624
0901100111037,2.4877614336256904,2242.0824479388016,2353
0901100260965,4.542190998059558,2255.965569774528,3282
0901100010768,3.8874636614490705,2238.888618677043,2056
090110001040A,2.020932860557298,2236.297965116279,688
0901100011075,2.2326912594938673,2242.6480582524273,412
0901100010310,1.6793598753088195,2244.6604434072347,857
0901100011361,4.454031091231853,2257.0142276422766,984
0901100010630,1.77204305362747,2244.886998784933,823
0901100010999,2.37592043521498,2240.760227272727,880
0901100010058,2.3658373837406868,2246.4080362195814,1767
0901100010151,2.7933319368707585,2246.0495867768595,847
0901100011056,2.688820587348603,2242.8917748917747,693
0901100010325,1.9146911265842326,2243.7436347673397,1139
0901100010344,2.4744803158806277,2239.620067643743,887
090110001001A,3.070128578137802,2253.1540803897688,1642
0901100010607,2.001891312740816,2266.2673992673995,819
0901100011094,3.4110199538779464,2241.084,2000
090110001122A,2.3273461648185467,2264.42,400
0901100011249,2.644029064527167,2245.0585074626865,1675
0901100011253,2.1593766837364625,2243.9461942257217,762
0901100011287,2.64865642390317,2245.840277777778,288
0901100011304,1.9885486084404402,2242.8603839441535,573
0901100011338,2.9814983925199376,2254.9199134199134,1386
0901100011465,2.9609415381998345,2256.074450084602,591
090110001147A,3.9524627343590613,2258.787356321839,696
0901100011484,1.836684616964097,2240.292656587473,1852
0901100010077,2.4288383056033482,2245.6056056056054,999
0901100010414,1.8346761692982196,2237.664739884393,692
0901100240749,5.66939314119529,2250.1684210526314,285
0901100010626,2.318288292078618,2244.093137254902,1020
0901100010274,2.5832660750665863,2240.644026682838,1649
090110001026A,2.2517760226562653,2240.278111587983,1165
0901100010679,2.2089058715011793,2241.245644599303,1148
0901100010240,1.9952633907625412,2244.265774378585,1569
0901100010166,2.30943372882184,2244.090270812437,997
0901100010170,2.045342721680572,2244.1091008771928,1824
0901100010927,2.0184601928260206,2241.995215311005,1254
0901100010202,2.245140124123376,2243.42817679558,1086
0901100010217,1.707281690755877,2243.2595890410958,1460
0901100010397,2.353384134297393,2236.8376722817766,653
090110001065A,1.8893277434294096,2241.718932443703,1199
0901100010306,1.672957059924565,2244.671669793621,533
0901100010645,1.5419701631098666,2244.05382131324,929
0901100010289,1.9306050054763233,2239.872863978127,1463
0901100010043,3.672042571654813,2249.4632352941176,3536
0901100241183,2.710243482506511,2240.8850710900474,844
0901100010664,1.4762249094779583,2244.0305635148043,1047
0901100010113,2.168623468838113,2243.3282134195633,1237
0901100010096,2.7451609578626903,2244.9208074534163,1288
0901100010128,2.3241351136327126,2242.5290819901893,1427
0901100010382,2.268500373454699,2238.7654054054055,925
0901100010147,2.946870535244273,2248.8456140350877,1425
0901100010359,1.5502498353546326,2238.7131782945735,903
0901100010363,1.7935015375083898,2239.266829865361,817
0901100010378,2.1620217916277324,2237.983574879227,1035
0901100010575,2.269881413285598,2241.6991544281263,2247
0901100010433,2.2980383857915117,2241.2311955661125,1263
0901100010448,1.900977944904512,2240.022590361446,664
0901100010950,1.8230911292157146,2239.603474706183,1957
0901100011234,2.4454789984075744,2262.6581818181817,550
0901100010931,2.220843159799111,2241.8866837387964,1562
0901100010946,1.9804488710371326,2239.8561746987953,1328
0901100011272,2.427369899842658,2244.0137931034483,435
0901100011291,1.7928413926856406,2244.8262548262546,777
0901100011319,2.516069829942656,2242.247340425532,376
0901100011268,2.5776167598655744,2244.8424242424244,1815
0901100210791,3.49724965185792,2242.4864197530865,405
0901100211022,3.330483906804227,2246.7151360544217,2352
0901100261501,8.676643811992594,2266.222222222222,126
0901100010255,2.1508348558311328,2241.504056795132,986
0901100261164,3.5864892107181356,2251.099964425471,2811
0901100011450,1.9705476118375604,2240.082298136646,1288
0901100010185,3.378208602517167,2244.1573763152005,4467
0901100010984,4.29697435714248,2251.18558698179,2581
0901100010772,3.3594555520079754,2241.9165511505407,3607
0901100010823,6.570718351410114,2265.9365853658537,205
0901100010804,2.659737585770166,2249.0103092783506,97
0901100011395,3.180415575474131,2239.092896174863,1281
0901100241408,3.902208399436136,2244.0502645502647,1512
0901100211003,7.631761100451444,2291.273632680621,5924
0901100211516,13.727219448632084,2367.0416666666665,48
090110021115A,8.998074586632864,2299.2777350755828,3903
0901100010819,7.788764037255372,2283.455023364486,1712
0901100240734,3.7540808590478276,2245.0481308411213,2140
0901100011427,2.864073348141607,2239.750237416904,3159
0901100011380,2.2519106390616166,2239.2848712446353,1864
0901100241520,5.033523708114513,2243.0,67
0901100010039,3.9465539891863104,2255.327094853254,2351
0901100011145,3.7791327566135267,2256.4411764705883,646
0901100011342,3.8775841594574616,2252.7359154929577,284
0901100011431,3.1997399392594033,2239.4943862747573,7927
090110026097A,3.0160994946807618,2247.399655469423,3483
0901100011499,9.904894013005626,2304.7667436489605,2598
0901100011535,4.889834888728631,2239.7066916823014,1599
0901100010753,3.6379548126359524,2254.7828913156527,3846
0900500013411,52.19241448370407,2484.972262075562,2091
0900500010366,3.148460644680378,2251.8987764182425,1798
0900500010703,2.244573766918057,2237.6535326086955,1472
0900500010436,2.8068253805179895,2247.491260349586,1087
0900500012536,25.483707755831983,2512.4027914291332,10174
0900500012305,2.3400084691166128,2237.700245700246,814
0900500010277,3.523972105980772,2253.690934065934,728
0900500010421,2.293960704696651,2249.3846153846152,962
090050001085A,2.2498059176888208,2237.510271158587,1217
0900500011716,2.4024092250764926,2237.796468401487,1076
0900500010493,2.79561270563918,2246.5626326963907,471
090050001174A,2.8754001841612657,2240.649492583919,1281
0900500012288,2.3400334911770866,2238.329685362517,1462
0900500012466,1.9180947990606656,2236.2426900584796,684
0900500011542,1.9832890350395564,2238.7847147470397,929
0900500011773,2.971677337645337,2240.4903846153848,1664
0900500010173,2.154133102934838,2261.6377952755906,1016
0900500013159,2.018421098207047,2238.387198321091,953
0900500010489,2.9219434211345496,2246.420317952695,2579
0900500010154,3.727494295827826,2269.2325783972124,2296
0900500012593,39.284114525851436,2518.10691601976,2834
0900500013318,32.366196301425425,2520.050021195422,2359
0900500012184,2.393927514127873,2237.938271604938,810
0900500012964,34.433447788298956,2449.240206185567,970
0900500012979,42.965921942580955,2432.6232831916286,1529
0900500012894,2.6506756565550385,2247.9556962025317,474
0900500010385,2.8057729086696863,2249.903381642512,1449
090050001039A,2.770805702653187,2249.7995841995844,2405
0900500010417,6.063025632364935,2253.7036256323777,2372
0900500011222,1.1773557294524393,2239.170603674541,762
0900500011557,2.7131856804273213,2242.6403326403324,962
0900500011720,2.651701658719722,2242.333936651584,1105
0900500011735,3.2516977139820513,2241.418958455237,1709
0900500011769,2.0684368244002433,2240.175238095238,1050
0900500012273,2.42459854804689,2238.2712031558185,1014
0900500012381,2.7470751877085577,2237.389245585875,1246
0900500012485,1.9860908424498613,2235.232449297972,1282
0900500013144,2.5365066238068477,2237.9218009478673,844
0900500012714,1.711441171649426,2235.8168498168498,546
090050001231A,2.6399463913852714,2237.0810556079173,1061
0900500012292,2.8728437430797746,2237.855433698903,1003
0900500012428,2.8270273178080796,2237.0600184672207,1083
0900500012470,1.964603867351527,2236.272226593234,1271
0900500010883,2.7384020217306513,2244.131563421829,1695
0900500011699,2.6556000278136254,2238.758754863813,514
0900500012396,2.303755230726462,2237.7064910630293,1063
0900500013271,22.34548908438065,2343.1077283372365,854
0900500013290,2.4238726021971253,2246.057734204793,918
0900500013407,3.0509452056789934,2239.1384146341466,1640
0900500012771,18.900189543580233,2353.0199296600235,853
0900500012790,3.1072493938874053,2255.1103448275862,580
0900500010258,19.807612774396645,2311.1713665943603,922
0900500010309,2.697247584186906,2251.425287356322,522
0900500010845,2.595947220356016,2237.3971014492754,1725
0900500010879,3.3598563598791293,2247.0666666666666,390
0900500011025,2.2799779003560268,2237.7860404435746,1533
090050001103A,2.1431226785381607,2238.0555555555557,1350
0900500011044,1.8099842807566293,2239.1725,1200
0900500011059,1.9281617949624208,2239.307270233196,729
0900500011078,2.737308189086256,2242.4484944532487,1262
0900500011097,2.464431574640761,2241.9820864067437,949
090050001110A,2.1649883981462468,2240.764258555133,1052
0900500011133,9.411637839031037,2251.3826086956524,920
0900500011186,2.164414467144822,2237.990409764603,1147
0900500011190,2.2387043868851584,2238.206451612903,1395
0900500011218,1.7325136694511822,2238.992277992278,777
0900500011241,2.979905174847966,2243.457871396896,902
090050001128A,2.6359677014601055,2239.552598225602,1578
0900500011294,1.7644239781950766,2239.380664652568,1324
0900500011311,2.159278438613628,2237.2385620915034,918
0900500011326,2.927818215207683,2237.950980392157,510
0900500011345,2.287112104159771,2239.848559670782,1215
090050001135A,1.6513067790597435,2238.6988416988415,1036
0900500011379,2.6385838051142887,2242.976720647773,988
0900500011398,3.089481873332981,2241.40611814346,948
090050001142A,2.9343224532279195,2242.6392694063925,657
0900500011468,2.8118676825462043,2239.2523219814243,646
0900500011472,2.3264682607784937,2239.1021505376343,558
0900500011487,1.969883460014779,2238.9854132901132,617
0900500011523,1.7353054780390433,2238.8314005352363,1121
0900500011538,1.901937369735362,2239.1521298174443,986
0900500011561,2.702106877067196,2241.9722050648547,1619
0900500011576,2.6941914871647548,2241.7338403041826,1052
0900500011580,3.4271369129501177,2242.874601487779,941
0900500011595,2.8394597671022397,2242.0560344827586,928
0900500011608,3.1246413743912895,2240.8200782268577,767
0900500011627,2.352871528418322,2239.2035995500564,1778
0900500011631,2.029236237668063,2239.4826762246116,837
0900500011646,2.3059557778332507,2239.3651408450705,2840
0900500012339,2.4809202136107538,2238.348416289593,221
090050001167A,2.070389946490109,2238.8779585798816,1352
0900500011684,2.179767440696871,2238.7655555555557,900
0900500011701,1.6963156718523507,2238.559223300971,515
0900500013214,19.784336697006037,2429.0177215189874,790
0900500011788,3.167075381560924,2239.866205305652,867
0900500011792,2.3579086753798677,2241.064410480349,916
0900500010050,5.267718275346436,2306.708855640922,2473
0900500010898,3.6799223986817737,2247.073913043478,230
0900500010243,28.41131030015182,2316.3330494037477,1174
0900500012076,2.229515785733992,2238.465390279823,679
0900500012095,2.59071890923481,2238.108910891089,808
0900500012108,2.4659247005811196,2238.0391414141413,792
0900500012146,2.1315823350601044,2236.7519818799547,883
0900500012150,2.010841734704346,2237.6170655567116,961
090050001217A,2.4283284274654626,2238.4198198198196,1110
0900500012201,2.379155517792949,2239.802919708029,959
0900500012220,2.1962736223025803,2237.8855375096673,1293
0900500012235,2.126948009563472,2236.3464435146443,1195
0900500012377,2.1650582986511995,2236.2252693437804,1021
0900500012803,2.786643434557993,2252.2566096423016,643
0900500010510,3.355652362014585,2245.752466367713,1115
0900500011970,2.5234284950353674,2238.826829268293,1230
0900500010991,26.03475022051197,2273.808095952024,667
0900500010506,2.853082108542371,2246.1323076923077,650
0900500010953,2.6810540564309044,2241.456112852665,1276
0900500010968,2.4707861971339327,2241.1421356421356,1386
090050001092A,3.5881625498930956,2243.0749097472926,1108
0900500010934,2.4429562081249827,2242.6095693779903,1045
0900500010949,4.2075178616119615,2243.465634075508,1033
0900500011932,1.9996005245813084,2238.2060810810813,888
0900500011951,1.632774457102788,2238.257648953301,621
0900500012216,2.6171823207563802,2238.8144963144964,814
0900500010135,18.104746486893603,2316.518223234624,878
0900500010169,13.20424766664151,2308.013037809648,1534
0900500010188,2.3676763636084575,2262.2140309155766,841
0900500010192,2.050120176612288,2267.103787878788,1320
0900500012786,3.6914676114084286,2254.384990848078,3278
0900500010205,17.351814160746887,2297.9594594594596,1036
0900500010224,2.3690169960068577,2259.170395869191,581
0900500010525,2.678860921220622,2246.4648993618066,4074
0900500010559,3.0669815377400576,2246.1501564129303,959
0900500010737,2.92159188996053,2242.9463048498847,1732
0900500010582,5.258898091085639,2248.5321528424975,1073
0900500010597,14.085802161853891,2264.194013303769,902
090050001060A,3.045531011656677,2242.7727797001153,867
0900500010614,4.375570653111918,2247.7533333333336,150
0900500010629,3.6103953244510816,2244.853448275862,232
0900500010633,3.6704273081452565,2243.4869109947645,955
0900500011082,2.7932261608412268,2241.8084745762712,1180
0900500010667,21.33185718973795,2275.3019911504425,904
0900500010671,13.48704266353424,2257.7277277277276,999
0900500010718,4.800823239534557,2245.1348024129015,8123
0900500010722,2.587127170050529,2243.377460964019,1473
0900500010741,2.476444174530117,2242.324546952224,1214
0900500010760,9.509235939340371,2250.2474832214766,1192
0900500010794,16.517141839501573,2267.918402777778,576
0900500010811,19.741368397311643,2267.442962962963,675
0900500010826,1.770967667589368,2237.6675639300133,743
0900500010830,2.3084211195409297,2238.914669223394,1043
0900500011805,2.6745541212840407,2240.2966895690192,3202
090050001181A,2.657649911851302,2241.2134203168685,1073
0900500011824,2.49837658400443,2240.6739380022964,871
0900500011839,2.4883844657721523,2239.501808318264,1106
0900500011843,2.6778934079612293,2239.076056338028,1065
0900500011858,3.4344539417860456,2239.338432122371,523
0900500011862,2.395234483857716,2238.3628140703518,995
0900500011881,1.7256711666451787,2237.3122605363983,522
0900500011909,2.579549830392595,2238.9285285285287,1665
0900500011913,1.79511380910081,2238.5155626496407,1253
0900500011928,4.512654227454456,2240.624213836478,2544
090050001199A,2.232314374183594,2237.099018003273,1222
0900500013093,1.9464756678361146,2273.192457737321,2307
090050001313A,3.1325816410617437,2243.4106382978725,470
0900500013163,3.502317820085519,2241.964015151515,528
0900500013178,1.8372954402309278,2238.5826972010177,393
0900500013182,4.042163276368685,2259.9882352941177,850
0900500013197,2.9368734611349865,2257.64118895966,942
090050001320A,3.1411157154588554,2256.958598726115,314
0900500011985,2.252982231042114,2238.3107170393214,1297
0900500012269,2.2510741927120184,2237.6216216216217,851
0900500012362,2.0311439259728314,2237.0513478819,779
090050001295A,2.185472143114479,2239.012077294686,828
0900500012112,3.2486339206179187,2237.4466891133557,1782
0900500012358,2.041997395985926,2237.280104712042,764
0900500012447,1.873025396692955,2236.213980028531,701
0900500012409,1.94173872288177,2236.372932330827,1330
0900500012752,18.1145277051861,2331.3407079646017,678
0900500013248,20.522809179114223,2391.137777777778,1575
0900500013252,10.956711676538145,2335.82109375,1280
0900500013303,3.8213277609928555,2249.374527112232,793
0900500013322,35.00376205369511,2511.675587467363,1532
0900500013341,2.325181007043636,2238.0498007968126,502
0900500013375,3.2332995787377885,2246.023067583974,2471
090050001338A,2.478052939746408,2246.4876425855514,1052
0900500013394,2.2572606165838485,2238.5191956124313,547
0900500012767,18.968538604413805,2341.8322663252243,781
0900500010440,1.948237928058243,2246.298331697743,1019
0900500010455,1.899576101993961,2245.859391395593,953
0900500011148,11.865151584109611,2252.2213656387667,908
0900500012837,26.445962335897317,2302.624750499002,501
0900500012841,34.80013601815292,2308.769436997319,373
0900500012856,3.1906653615493243,2246.5973312401884,1274
0900500012860,2.586511370817045,2245.722757598221,1349
0900500012930,2.29403275695332,2238.690789473684,760
090050001288A,10.056481945767318,2261.4257425742576,606
0900500010313,2.6110980297206408,2252.3703099510603,613
0900500010328,2.4746830856000543,2253.5854126679465,521
0900500010332,20.34845256640997,2281.2147505422995,1383
0900500010402,2.5745620124210387,2248.876910016978,1178
0900500010370,2.8137361685689566,2250.9792284866467,1685
0900500010864,1.885535359696166,2238.97345971564,1055
0900500011237,2.7425990489427536,2242.302098950525,1334
0900500011203,1.530015711732126,2239.4159891598915,738
0900500011364,2.0522235834357834,2239.192214111922,822
0900500011383,2.8054501138935297,2242.9695697796433,953
0900500011415,2.562136404647265,2241.003361344538,1190
0900500011434,2.23395483295024,2241.132867132867,858
0900500011449,2.062759360580391,2239.682783018868,848
0900500011453,2.3761829382748725,2239.8563722184763,1483
0900500011612,2.4651613199491815,2240.0821325648417,694
0900500013110,1.8555747196589134,2243.925650557621,269
0900500011754,2.5680614969966973,2240.0753424657532,1168
0900500012019,1.6568042571937105,2237.084925690021,942
0900500012199,2.6335233696214035,2238.020782396088,818
0900500012057,1.9094766292164724,2239.311151079137,556
0900500012324,2.700937923536461,2237.6137527432334,1367
0900500012451,2.1463597234596468,2236.488986784141,681
0900500012682,2.1523293353566126,2238.086438152012,1342
0900500012697,2.44591725220746,2240.467718794835,697
090050001263A,2.3734735304763106,2242.8119349005424,553
0900500012644,3.5164169168144372,2241.315476190476,504
0900500012659,2.650258141980383,2239.723926380368,489
0900500012663,2.318848614102879,2238.5906040268455,596
0900500012678,2.465962418846467,2241.323108384458,489
090050001270A,1.6624874544540817,2235.8270676691727,665
0900500012733,6.827066907647625,2320.9244239631334,1085
0900500012748,19.788475456452655,2335.2775453277545,717
0900500010351,37.86036041373129,2293.147416413374,658
0900500010915,3.8089614390304902,2244.9147465437786,434
0900500011400,3.0470834898799692,2240.9692017598995,1591
0900500013426,48.996431692894454,2445.420159680639,1002
0900500011114,2.2657286428270367,2240.576077396658,1137
0900500011256,3.5502072484163403,2241.3189808413986,5063
0900500011330,1.939908987073559,2239.142376681614,892
0900500010281,3.1749608901788413,2252.8184143222506,391
0900500012822,2.0491402313478115,2254.17817679558,724
0900500012061,1.9707318208018443,2239.0951008645534,694
0900500010296,3.4579267346624256,2252.556135770235,383
0900500011063,3.6279669788654156,2243.825327510917,458
0900500010900,4.978084505534729,2246.9949874686718,399
0900500010474,3.0535068541748194,2246.5361552028216,1134
0900500010084,10.850232081998858,2310.4177295918366,1568
0900500010099,16.53462303050739,2323.162583518931,898
0900500010101,10.651697706657963,2289.985250737463,2373
0900500012625,15.310694443439365,2346.785930408472,1322
0900500012606,13.060041080886842,2353.054721030043,932
0900500013055,2.4361007944066615,2238.425400739827,811
090050001306A,1.4501632483308018,2238.046875,256
0900500013089,2.8179236600780984,2285.3338028169014,2130
0900500012432,1.9025386860409843,2236.9275862068966,870
0900500012004,2.521936329003751,2237.3877005347595,1122
090050001224A,2.014502407918126,2237.148207171315,1255
0900500012080,2.4519573446135423,2237.380403458213,694
0900500011877,2.3652498804298276,2237.7349593495933,615
0900500012945,1.7219707476861668,2237.753196930946,782
0900500012254,2.671487096326374,2237.4891304347825,1012
0900500012038,1.8428353733792209,2237.5260361317746,941
0900500012023,1.605444488146974,2237.061111111111,720
0900500010756,3.372047759753028,2240.9881337648326,1854
0900500010775,2.1841674622337277,2242.4810964083176,1058
090050001078A,8.655194059435358,2264.1188204683435,1153
0900500011260,3.443289155355259,2241.4407484407484,1443
0900500011275,5.629665550533598,2245.409330628803,2465
0900500011129,3.1286879672222083,2243.9300582847627,1201
0900500011171,3.668825045779252,2241.667642752562,1366
0900500011006,2.2890059370122167,2240.575732899023,1228
0900500011307,2.7218718248811764,2239.9400479616306,1668
0900500011504,2.3808051743322904,2237.515479876161,646
0900500012907,2.611370728610293,2239.795887281036,1313
0900500011665,1.6680222172517603,2238.2662116040956,879
0900500013337,2.950645096443148,2237.095238095238,588
0900500013445,25.42359742258264,2441.1215559157213,1851
0900500013233,18.10876752554682,2366.6557093425604,1156
0900500012729,7.784641485467804,2324.809090909091,990
0900500013430,35.538980693285886,2599.7231447233808,12707
0900500013074,1.5557689587824162,2237.58358662614,329
0900500012127,1.9106298820717087,2237.2372723026624,2141
0900500012131,2.22263377734918,2238.0633019674938,1169
0900500013360,31.611605354374586,2358.551201591918,6533
0900500010012,19.449936433136852,2371.798907103825,915
0900500010027,14.68042562439186,2359.842735042735,1170
0900500012343,2.717756540472582,2236.5448430493275,1338
090050001014A,18.341932124322003,2301.912109375,1024
0900500012983,52.689100224251675,2487.2456440040996,2927
0900500010972,5.470464028004443,2246.281053952321,797
0900500010807,35.46722025512453,2363.863201588161,5541
0900500010262,14.98081964064925,2278.7432432432433,888
0900500012574,47.947748936814556,2521.368784029038,5510
0900500012875,3.125318755756366,2245.1744186046512,860
0900500013125,3.171454286873429,2246.075208913649,359
0900500013356,3.843140490725852,2246.78866617174,4041
0900500012998,18.231410699443174,2435.885057471264,783
0900500013229,27.456991457371025,2498.8465346534654,606
0900500013267,13.012162646294204,2329.2617886178864,615
0900500013286,19.64870858031115,2335.4221218961625,443
0900500012610,16.74576613234148,2353.891955835962,1268
0900500013017,33.44189780933583,2523.0452358036573,3117
0900500010563,2.61010061887264,2247.6770833333335,1152
0900500011167,27.184843074473058,2273.6808785529715,774
0900500011152,17.788905008017586,2262.6148359486447,701
0900500011650,3.5763895474751326,2239.9840637450197,1757
0900500011896,2.521588427918654,2238.8119001919385,1563
0900500012042,2.1514471013880074,2236.7884310618065,1262
0900500012165,4.098971968666684,2241.3255116575456,13339
0900500010987,10.578592030796422,2255.336650082919,1206
0901600010020,3.8078122205726452,2259.0970454545454,4400
0901600010798,5.950466116058336,2264.089502591475,12927
0901600010891,3.075469046078287,2251.0186046511626,1075
090160001068A,5.903346987006499,2259.278531073446,1770
0901600010302,3.7009959096467724,2293.870036101083,554
0901600010694,3.5375629418181203,2252.7635135135133,740
0901600010016,3.676452329150515,2254.481917017972,4507
0901600010800,6.994090400845081,2326.7616468039005,923
0901600010073,3.832808262506719,2246.6255924170614,633
0901600010213,2.898394481160563,2246.0626290433584,1453
0901600010228,4.642494220330485,2285.348874598071,622
0901600010054,2.869151761973457,2253.6652200867948,1613
0901600010069,2.6283103662398677,2248.3556581986145,1299
0901600010092,4.1248702118777585,2275.1463636363637,1100
0901600010232,3.8066490298978053,2274.540352504638,2156
0901600010711,4.087626693885503,2251.830070477682,1277
0901600010853,17.322870804542045,2345.558912386707,662
0901600011029,3.6462009963695268,2255.7772177419356,992
090160001118A,2.668107447961814,2253.350926445817,1781
0901600011211,3.27199506760751,2259.67463706234,1171
0901600011226,3.6232610707213024,2251.2974947807934,958
0901600011071,13.064140298290656,2362.42121407814,6194
0901600011090,5.51265951320752,2347.7821782178216,1010
0901600011103,6.8438951375526,2323.344522968198,566
0901600011118,7.074854961387643,2306.595238095238,1050
0901600011137,5.161252207263612,2294.186936936937,888
0901600011156,6.14666055592858,2276.0079470198675,2265
0901600011230,18.280036317754725,2408.6369337979095,1435
090160001125A,14.405301527009735,2438.932008830022,2265
0901600011283,13.327196032157184,2419.9175034759774,6473
0901600011298,13.258403389635493,2479.7994269340975,2792
0901600010088,4.67101954432774,2247.633855585831,2936
0901600010815,9.21384290648179,2311.050223214286,896
0901600010868,6.539780347069538,2333.718268525312,1363
0901600010529,9.031338918468233,2302.66975308642,324
090160001100A,5.62083144820932,2289.5696202531644,158
0901600010143,2.9965634989295937,2255.2169312169312,945
0901600010887,7.189816265342988,2298.4306358381505,346
0901600010425,4.13992962928624,2283.218992248062,516
0901600010764,3.051882916509513,2266.150289017341,173
0901600010139,2.844288163461692,2257.105843439912,907
0901600010158,3.3028728873980313,2253.8520066889632,1196
0901600010196,4.198540844500093,2251.171370967742,496
0901600010478,4.449270446300048,2258.466827503016,1658
0901600010548,3.337871294557519,2280.7793326157157,929
0901600010482,3.692629622158384,2252.4285028790787,2084
0901600010533,4.587590876143091,2290.200767263427,782
0901600010035,3.533823667200397,2261.79773740144,2917
0901600010270,2.807990568200476,2253.957638888889,1440
0901600010336,4.154225661423324,2279.8621908127207,283
0901600010340,4.094932365907002,2273.8810572687225,1135
090160001036A,3.5976854078850624,2266.387969924812,665
0901600010374,2.5897717225911694,2260.996794871795,624
0901600010389,2.7720863988865205,2262.359574468085,470
090160001043A,4.052645163883548,2279.3601286173634,311
0901600010444,4.73139500416428,2270.081321473952,3148
0901600010603,4.500468796390586,2252.649097472924,1385
0901600010641,3.489684596026831,2267.0750893921336,1678
0901600010707,3.9520881595217148,2254.9946879150066,753
0901600010745,8.472143847149079,2280.7201426024953,561
090160001075A,8.756139021644891,2271.5478260869563,920
0901600010961,5.437864089480094,2319.2617403314916,1448
0901600010976,6.826715944723109,2298.4447852760736,326
0901600010980,5.631810973573126,2314.7756097560978,1025
0901600010995,5.8593685910624105,2290.3376413570277,1857
0901600011207,3.4371240647172225,2257.2494983277593,1495
0901600010783,7.5838020128716686,2265.587134502924,1710
0901600011122,4.872571653970438,2288.4183266932273,502
0901600010675,5.270157433912549,2262.1133810010215,979
0901600010779,11.43516424077796,2273.050040355125,1239
0901600010834,8.593307687510416,2302.7526881720432,279
0901600011349,2.921115331422666,2258.186335403727,1288
0901600010872,5.947153117354666,2313.6718072289154,2075
0901600010919,7.374941641402078,2341.8220706757593,1613
0901600010251,2.6373300402096573,2258.448598130841,1177
090160001132A,2.879904476816124,2263.6448863636365,352
090160001004A,2.8870059272967925,2255.9229857819905,1688
0901600010957,5.985091213275049,2324.3651685393256,178
0901600010410,4.273160206021553,2289.1316379955124,1337
0901600010162,3.4567885081141965,2251.406528189911,1011
0901600010459,2.91961128785649,2264.2596153846152,1040
090160001050A,2.5670282600557064,2246.484256243214,921
0901600010552,3.675777737603248,2263.7257257257256,999
0901600010393,2.8050558538916754,2254.6026809651476,1865
090160001082A,6.315327766493874,2300.235159817352,438
0901600010317,4.531979562756564,2287.0441988950274,362
0901600010105,2.959434465300894,2265.608877721943,1194
090160001011A,2.5419943047004487,2261.9796137339054,932
0901600010247,2.946321310382752,2266.0394814378315,1697
0901600010321,4.407380274226067,2287.785009861933,507
0901600010586,5.562796409512378,2252.277432712215,483
0901600010590,7.627161034397494,2252.1057971014493,690
0901600011052,6.996662638181639,2387.8778476040848,2546
0901600010923,6.898182586443144,2360.5157723577236,3075
0901600011048,6.914187882843404,2383.389604415823,2174
0901600011067,10.08243568573052,2343.0496024233244,2641
0901600011014,6.049987355834622,2298.104149824845,7422
0901600011194,4.469027185446877,2265.913594470046,868
0901600011086,7.021598466638947,2334.909248221496,5201
0901600011141,6.054436811626975,2276.831610044313,677
0901600011160,3.807490176231483,2261.0722559293986,1813
0901600011175,3.5190338002231445,2260.9838909541513,807
0901600011245,10.18211233377936,2417.352745424293,601
0901600011353,5.696110523451811,2322.867924528302,318
0901600011368,5.510473558287877,2313.0974289580513,739
0901600010181,3.0966659736734905,2250.9199561403507,1824
0901600011315,2.5203136968694957,2265.126279863481,293
0901600011334,2.5289977625491065,2256.396600566572,353
0901600010177,2.940038388288426,2250.864834548514,1783
0901600010209,3.0374688685407696,2247.697744360902,665
0901600010285,3.408399264745658,2248.7192336035373,1357
0901600010637,5.665037217553471,2278.1600177304963,2256
0901600010656,3.4172623013271353,2261.910415542364,1853
0901600010660,6.056740902193158,2264.6613047363717,1119
0901600010942,5.761351913672603,2342.009530292716,1469
0901600010124,2.6393627331745786,2259.91156462585,1176
0901600011033,15.20431310278075,2387.486526946108,2672
0901600010904,13.29489050447146,2366.08857442348,1908
0901600010463,3.603074084012563,2260.7831423895254,1222
0901600010571,4.03194796888974,2261.315457413249,1268
0901600010622,9.58063395713395,2295.633195020747,1205
0901600010849,6.195745597659958,2288.465209890742,1739
0901600010730,7.399359352445853,2291.834319526627,1352
0901600010618,5.521037044212771,2303.3777589134124,1178
0901600010514,9.046381116376606,2305.7572741194485,3918
0901600010497,3.8546631603961474,2247.2356369691925,1201
090160001029A,2.7576090072375137,2247.5360744763384,1289
0901600011279,15.244315310777665,2418.727236421725,2504
0901600011264,14.979577420513499,2419.440590111643,2508
0901600011300,15.37022638992827,2458.371913580247,7776
0901300010885,14.202290662433493,2661.4152566676225,3487
090130001057A,2.8218988569436303,2243.9054054054054,222
0901300010565,6.019268727372402,2253.7788906009246,1298
0901300010029,3.790027114948449,2247.2792929292928,1980
0901300011243,2.565527917453425,2237.7975045489993,3847
0901300011224,2.5687768344482262,2241.0035605289927,1966
0901300011205,10.29518291509778,2296.1666666666665,360
0901300011455,8.879013306307431,2367.7373737373737,2574
090130001018A,6.706667283159723,2251.0307167235496,293
0901300010086,1.958897815553473,2241.692127825409,1283
0901300010160,2.9075473484842287,2245.174245472837,2485
0901300010495,16.130852910283025,2279.15873015873,252
090130001139A,2.056089762912294,2239.9594594594596,518
0901300010033,2.334892016687899,2245.609589041096,1168
0901300010315,2.8802485664509385,2249.195945945946,1332
090130001032A,4.948173262574911,2253.4934210526317,1368
0901300011385,2.35335591865846,2239.820638820639,814
0901300010688,2.041058235881459,2242.3365047571356,1997
090130001107A,2.745934681994286,2244.628012048193,2656
0901300011050,2.471288391527085,2242.218487394958,1190
0901300011065,2.586384237955141,2242.329120077783,2057
090130001121A,2.5966110767352935,2238.98533007335,1227
0901300011239,2.1194740482028864,2239.8057675996606,1179
0901300010194,2.7291966155835583,2252.0382775119615,209
0901300010175,7.424431949763461,2254.117613636364,1760
0901300010211,1.9642610831437164,2244.582063305979,1706
0901300010226,2.4184831768562844,2243.770476190476,1050
0901300010230,2.612662350294372,2246.089577950043,1161
0901300011578,15.493558655993965,2300.9285714285716,56
0901300011262,2.5699143131909543,2240.3641207815276,1126
0901300010207,2.850836158008184,2246.243664717349,1026
0901300010705,2.42548796867041,2240.885038038884,1183
0901300011135,2.55203177412784,2240.516935218678,3041
0901300011046,2.664357227226043,2240.9045837231056,1069
0901300011510,9.779881707842131,2411.6114285714284,700
0901300011474,14.785396050646428,2626.463719766472,1199
0901300011402,2.2951759739164252,2240.5062992125986,1270
0901300010461,11.695419992040977,2258.607663711753,3497
0901300011328,12.276923249809318,2329.584561403509,2850
0901300010870,14.316131537788852,2380.4479242534594,1373
0901300010866,14.236627214425909,2368.6400560224088,1428
0901300010813,8.772788569229464,2409.2487608426272,3228
0901300010404,3.773127240053038,2249.107258301499,3403
0901300010283,25.485516133765337,2295.657699698051,3643
0901300011296,17.949607073384485,2328.2795857988167,1352
090130001025A,1.9313602655563293,2243.640824337586,1019
0901300010442,7.056779223614516,2271.2792995060618,2227
0901300010334,2.8185458804700527,2244.7760639817193,3501
0901300011309,5.620570216783528,2348.9715808170513,563
0901300010832,3.8137131097228423,2381.802267002519,794
0901300010724,2.854245045626817,2242.607315389924,1449
0901300011489,2.940731245884058,2242.3403846153847,520
0901300010809,22.822722171101276,2503.725302740599,1569
0901300011440,12.143448770465703,2424.6830433299215,2931
090130001064A,8.787756640176271,2489.778785488959,2536
0901300011031,11.754739288161586,2290.4916344916346,3108
090130001089A,21.8655039921129,2516.4972431077695,1995
0901300010654,13.899244351384379,2534.6897969673605,3891
090130001146A,17.93544125716056,2483.1664402173915,2944
0901300011173,4.955710306535856,2374.5807155322864,2292
0901300011525,4.514391126505893,2363.846153846154,624
0901300011417,2.2827665488115763,2242.4759660697455,1061
0901300010423,7.015563714672905,2253.5785265562536,1751
0901300011027,3.8830874232118116,2244.271778821075,1917
090130001114A,2.339677841323483,2241.059532780708,5308
0901300011544,23.36591805724165,2411.03125,32
0901300010090,2.9660233120801545,2239.722807017544,3990
0901300010052,3.0534555492907756,2240.1049117787315,4194
0901300011366,3.5411560963566098,2244.4579352850537,3245
090130001071A,4.5629348899237545,2244.8315217391305,1104
0901300010758,13.752419452778991,2383.267213427427,5243
0901300010508,13.700116389342144,2316.128471248247,3565
0901300011192,10.329208135660073,2318.070266081116,3871
0901300010550,4.75657037760042,2253.159461374911,1411
0901300011169,19.429176388353262,2316.691881350713,9743
0901300011154,15.23249156757224,2303.279614325069,4356
0901300011188,4.917062309942752,2374.9098712446353,3495
0901300010847,11.203307647135155,2466.1736779861462,5919
0901300010669,13.574395626814768,2615.103046594982,3348
0901300010851,7.448029035522684,2548.426420970672,3853
0901300011563,12.169611325715682,2386.297071129707,239
0901300010777,8.815193117573072,2443.3402385436284,1593
0901300010601,8.526928509229306,2427.4815336904426,3547
0901300010762,15.14031624112871,2388.396007428041,2154
0901300010438,7.67538854842065,2290.5241439859524,1139
0901300011436,16.543451435682687,2393.8640296662547,1618
0901300010743,8.827180052288737,2302.274372686137,2431
0901300010014,5.129720790451502,2264.7494896471276,3429
0901300010067,5.995093658350083,2275.616493656286,5202
0901300010122,1.8397128811686811,2242.8336776859505,968
0901300010137,2.021661967750603,2243.8550046772684,1069
0901300010245,1.7901145719654874,2243.1500630517025,793
0901300010279,3.105765935051569,2244.2681704260654,3192
0901300010298,3.1672778371027643,2254.332173048235,4022
0901300010300,3.2194138368357663,2253.9802904564317,964
0901300010353,2.7976685906755163,2248.719437652812,1636
0901300010368,9.701225116143139,2291.5354149925383,8711
0901300010372,11.96168298676433,2282.9908125179445,3483
0901300010387,10.949203438698834,2290.3550145348836,2752
0901300010391,4.408192720464737,2254.6818481848186,1515
0901300010419,5.103464249590304,2249.7024579560157,1546
0901300010480,13.45517093917748,2324.340643274854,2052
0901300010527,3.6998559795015264,2243.7340306313035,5354
0901300010599,2.790079810750266,2363.469153014988,2869
0901300010692,10.446998264157102,2290.4622345559847,8288
0901300010739,31.517216238097642,2352.0970643939395,2112
0901300010828,9.595629270656822,2342.422190201729,2776
0901300010917,19.7741137043891,2314.462888665998,3988
0901300011084,1.8803131301680627,2242.310391363023,741
0901300011099,2.124144433776693,2240.398616285258,1879
0901300011101,2.3299479370581904,2240.7189218921894,3636
0901300011116,2.0212705000518487,2242.048818897638,635
0901300011120,2.016769822734506,2243.0808909730363,853
0901300011277,3.565809407747808,2239.004845548153,14859
0901300011313,6.060646611252949,2254.609275730623,3148
0901300011332,4.4789384776695425,2269.008896797153,1686
0901300011347,4.078042716032456,2251.7851099830796,591
0901300011370,1.7805376801867854,2244.6464348850914,1697
0901300011421,17.176768325199923,2304.5779569892475,744
0901300011493,10.951573687815713,2400.446783625731,855
0901300011506,6.223930622095777,2371.762894534257,1299
0901300011559,13.036768234301219,2430.331153666511,2141
0900400010119,13.559587002043612,2803.9924257524417,5017
0900400200388,21.394457424479427,2896.078541374474,1426
090040001002A,5.649058015984517,2631.027027027027,851
0900400010053,7.806209728204876,2644.175675675676,1258
0900400010180,17.25794213494478,2514.1316539923955,4208
090040001034A,7.359977437799922,2662.4736842105262,494
090040001041A,12.367881623055798,2626.8823088455774,1334
0900400010104,9.689798332465456,2708.3144768856446,3288
0900400010072,7.904694389614894,2669.2707581227437,554
090040001027A,5.532722670266292,2651.541453428864,977
0900400010354,7.030839755619542,2686.8823862029967,3537
0900400200246,20.339797116519758,2895.9153914393437,9018
0900400200316,20.99821895067431,3028.0156228773267,14722
0900400010301,11.314367339996467,2697.5243128964057,1419
0900400010227,30.86732313958285,2737.6057567917205,6184
0900400010392,44.93163946684401,2783.6969072164948,485
0900400010208,24.42568252803454,2725.647505697645,3949
0900400010299,11.693723900947024,2746.1395492435936,3239
0900400010123,13.952596527640873,2732.707853825964,4953
0900400010369,14.567110433891807,2626.0186836518046,14130
0900400010212,11.622273777434803,2703.2467911318554,1714
0900400010049,12.773453733477611,2618.1689548893246,7138
0900400010195,15.264179361344064,2515.8563535911603,7059
0900400010091,9.630254647286272,2765.909705882353,3400
0900400010231,19.91686353411822,2803.179763186222,5574
0900400010138,9.10687404470137,2669.1882911392404,4424
0900400010320,27.105607325290745,2688.7668789808918,3140
0900400010373,19.500304142806208,2599.7457642075537,11332
0900400010250,18.956730286525044,2836.316364309515,5402
0900400010176,17.434734730312783,2534.7286415346866,8966
0900400010405,10.135590498146046,2601.9675023212626,4308
0900800010086,6.125065694253051,2373.4095904095902,4004
0900800010387,18.474446033060048,2678.3945031712474,2365
0900800010438,20.216476699532425,2750.94392004442,1801
0900800010527,35.97845346247774,2670.409638554217,2573
0900800010508,5.622422592622177,2436.1441647597253,437
0900800010194,6.481891525140161,2410.9665071770337,1463
0900800010476,31.668754151210276,2724.8252234359484,3021
0900800010052,6.213893185011513,2395.3174854727945,1893
0900800010090,22.1036749915249,2553.693631669535,1162
0900800010103,13.421198288388474,2509.2267303102626,838
0900800010334,7.63643477275779,2458.710564399421,691
0900800010118,6.912360002119421,2440.7978528410576,3819
0900800010156,7.538463952369786,2479.836038961039,616
0900800010283,7.072136790560216,2417.551411827384,1877
0900800010512,34.49380419948623,2643.96779521057,1211
0900800010175,8.924174176669622,2429.238947368421,950
090080001018A,7.599414539398683,2433.348623853211,763
0900800010207,10.033085703421781,2529.9248269040554,1011
0900800010211,7.764622684000897,2491.6325556733827,1886
0900800010245,8.195709078975215,2516.2241014799156,946
090080001025A,7.8116624920793605,2487.712890625,1536
0900800010264,11.182227507138702,2465.0687022900765,1965
0900800010298,9.53241678179157,2572.2659574468084,470
090080001032A,7.584510855787287,2486.4458804523424,1238
0900800010531,25.58508529100253,2643.27147766323,582
0900800010546,16.78305630661942,2642.4373522458627,1269
0900800010071,7.664706888455104,2373.1465968586385,191
0900800010495,9.410499134203066,2433.76246105919,1284
0900800010067,7.944254463728896,2379.68085106383,141
0900800010029,6.614832818988764,2356.444089456869,313
0900800010033,6.494404232946781,2353.2122448979594,245
0900800010137,26.691094010543928,2589.131967213115,1220
0900800010122,6.624656441192628,2406.7923076923075,1170
0900800010141,10.168457952412174,2511.860557768924,1004
0900800010160,7.584715882454861,2468.6772277227724,2020
0900800010226,18.83399739669373,2574.521263669502,823
0900800010404,15.774484781320623,2717.00599078341,2170
0900800010423,23.62565259851152,2671.2395294117646,2125
0900800010550,15.907006833341601,2645.4197860962568,2244
0900800010565,11.025385016794045,2623.2690058479534,1197
0900800010315,12.74474977975252,2518.8085626911316,1635
0900800010014,5.833708553444609,2370.714285714286,833
0900800010048,7.8984175883392655,2346.728,625
090080001057A,21.914022712402755,2729.881155881156,2457
0900800010457,31.112381258478713,2648.684806542938,3179
0900800010353,9.406546439132077,2479.4919354838707,1984
0900800010349,15.607607365963215,2550.4488348530904,3948
0900800010599,18.348441039857665,2605.0251082251084,1155
0900800010461,15.518997378668345,2566.7735618115057,4085
0900800010584,15.421356722700846,2756.757391304348,1150
0900800010230,9.586139099048994,2540.532929598789,1321
0900800010300,8.169037745669568,2541.873675286138,2359
0900903000647,8.459714147790253,2269.2072147651006,1192
0900900330488,19.495578279710028,2642.038726333907,2324
0900900330350,14.357302624617008,2760.5610341904494,7078
0900900360223,14.208676629263254,2557.190796171859,4911
0900900240577,14.301409790644632,2842.7405594405595,1430
0900900240581,8.501563461855266,2685.041176470588,340
0900900010562,15.87143391673409,2432.025988700565,885
0900900010312,13.030475879282768,2504.457554977536,4229
090090029044A,12.206627340273235,2451.6277236903106,2157
0900900330346,13.175156182943716,2707.01474691112,5018
0900900010308,8.417507733753387,2403.3672765844603,3771
0900900010327,7.9600611625167375,2391.376522702104,1806
0900900110543,9.05213631136217,2337.491891891892,185
0900900240651,16.946250601928725,2662.24,125
090090011051A,6.178983200231159,2271.6936488169363,803
0900903000632,5.763197835318456,2254.763137852247,1313
0900901520628,16.668446681054085,2668.1134615384617,2080
0900900290473,14.897795275662874,2499.594584286804,2622
0900900010026,8.734686051553291,2436.303199295568,3407
0900900010331,11.725760697939501,2449.335952848723,2545
0900901520613,13.064868491195734,2610.1836033382424,4074
0900900010505,7.647448473108208,2386.067729083665,753
0900900290469,9.62220471318417,2500.2454954954956,3108
0900900360238,14.328866168786735,2628.611916688637,3793
0900900240191,15.168687572436525,2682.822842310188,4623
0900900170365,7.456517930117901,2342.5048256537984,6424
0900900240596,13.395724202094422,2781.395939086294,788
090090015012A,6.885707801514877,2604.927156764015,5958
0900900290609,22.229190705872863,2471.7291666666665,96
0900900110416,3.6235057873960987,2249.1174426685197,4317
0900900010492,6.042422916748534,2400.469719350074,1354
0900900110401,8.028515325217052,2291.2229597813352,5122
0900900170384,13.031568119977537,2405.9211841599385,5202
0900900110435,4.139568635339175,2255.225651403997,3953
0900900110420,5.7645747578664395,2279.462132175591,4146
0900900360242,14.897718378058183,2648.4769546557195,5359
0900900170558,13.828603275972334,2385.25,148
0900900240204,15.18948233785438,2787.262087264151,3392
0900900240219,12.320335238446424,2749.4252753015207,3814
0900900290454,7.922871819787181,2446.668845315904,2295
090090017037A,7.3303186769460735,2326.5886768174996,4663
0900900170399,13.262357822784487,2449.6001480932987,2701
0901500011074,2.890928313669158,2238.3742236024846,1288
0901500010127,2.122951340278927,2239.731807031889,1223
0901500010589,2.733427896973428,2238.874251497006,1002
0901500010358,2.376975603441479,2238.529733959311,1278
0901500011464,2.999015124711575,2244.1285008237232,607
0901500011479,3.331164133839492,2242.1994715984147,757
0901500010038,3.51450562100811,2240.289592760181,442
0901500010911,2.582097074799478,2239.644230769231,728
0901500010023,2.256785275754931,2239.730923694779,747
0901500010466,3.187426072880506,2244.170731707317,1640
0901500010926,4.206177132530487,2248.7,990
0901500011229,2.864881976366051,2242.9682468694095,2236
0901500011290,2.8721451406594585,2238.04,900
0901500011303,4.934510620848257,2251.201612903226,744
0901500011411,3.7022908292658316,2252.7425237053244,1371
0901500011430,5.235985446065779,2250.046808510638,470
090150001145A,2.997859944362872,2245.902111324376,1042
0901500011498,2.68334604002779,2240.4373918061165,1733
0901500011500,2.617711156336344,2240.525840853158,1219
0901500011515,1.9402437853785839,2240.2697795071335,771
090150001152A,2.4971938645300296,2239.681755829904,729
0901500010945,7.34190318804147,2252.4872427983537,1215
0901500010983,4.55727847230778,2247.965694682676,583
0901500011089,3.993677310393682,2247.2356948228885,734
0901500010042,2.976496852967196,2243.6061643835615,2044
0901500010057,2.662845392197481,2243.622807017544,1140
0901500010061,2.7434129458242276,2242.05205811138,826
0901500010080,2.768510885560477,2240.91624011168,2149
0901500010165,3.2299187111487164,2239.1896813353565,1318
090150001017A,3.225377892282767,2243.4701803051316,1442
0901500010555,3.215992246778493,2244.0977814297453,1217
0901500010593,2.676679349543493,2244.7354581673308,1255
0901500010663,2.738574281131111,2239.5157384987892,826
0901500010930,8.164613389065373,2252.0888324873094,1182
0901500011178,2.9016759665618457,2248.052767052767,777
0901500010678,3.1955566561526108,2246.2833333333333,1800
0901500011549,6.602619184461286,2244.0334507042253,568
0901500010112,3.2367733026792216,2238.6638655462184,595
0901500010254,4.023884950162879,2245.17094017094,117
0901500010216,2.8617688663285374,2244.220930232558,172
0901500010451,5.413936438693488,2243.076923076923,299
0901500011286,2.550547773066769,2239.665995975855,497
0901500011055,3.661852222353905,2240.2725099601594,1255
0901500010377,3.0328908384160345,2244.895104895105,143
0901500010146,2.1876259937453413,2240.4815789473682,380
0901500010184,2.864205924166917,2241.1937029431897,1461
0901500010752,3.5106599970515977,2245.754811715481,1195
0901500010536,3.1592502245446665,2239.178387650086,1166
0901500010362,2.9483946215698915,2245.688,125
0901500010413,3.357151248558419,2242.2397260273974,146
0901500010432,5.824849835436968,2242.9795918367345,441
0901500010447,4.9313721568575275,2245.787401574803,127
0901500010470,2.82128617444402,2241.7153419593346,1082
0901500010485,3.043689186793511,2242.4219001610304,1863
0901500010697,3.0856880406367866,2244.171676006113,1963
090150001070A,4.998181389333249,2244.1828681424445,1039
0901500010714,4.98089076058471,2244.1992287917737,778
0901500011144,2.643288831110029,2240.8868078175897,1228
0901500011163,2.869800108526588,2239.216242661448,1022
0901500010748,4.875102308244437,2244.1905781584583,1401
0901500011182,3.1609439905836556,2247.7550403225805,992
0901500011197,3.280331258196665,2248.02523659306,951
090150001120A,3.072111583082011,2246.6662693682956,839
0901500011214,3.290300935448518,2243.941946034342,1223
0901500011233,2.9420231500539322,2240.270013568521,1474
0901500011267,2.374019592845898,2240.2076335877864,655
0901500011248,2.7198998238908354,2240.7092119866816,901
0901500011252,1.920065954181812,2240.1263035921206,863
0901500011271,2.3603407798685896,2239.8568548387098,496
0901500011360,3.272987499713863,2243.109271523179,604
0901500011375,2.6055794291764793,2242.4025423728813,708
090150001138A,4.108989839335084,2242.886588658866,1111
0901500011394,3.225749858687157,2240.04039408867,1015
0901500011407,2.8708524885961095,2240.0598455598456,518
0901500011426,4.114653931917164,2248.767441860465,731
0901500011445,3.459784700689971,2248.9622641509436,689
0901500011483,2.991337235898759,2240.827807486631,935
0901500010998,5.225391151867152,2245.8548516439455,1247
0901500010076,2.812131016793193,2241.3225563909773,1330
0901500010095,2.653263800072031,2239.5518102372034,801
0901500010199,6.350933479312466,2244.9947368421053,190
0901500010818,4.963148236368707,2247.2543933054394,1195
0901500010339,2.902768850202682,2238.935414424112,929
090150001049A,3.554521846967581,2240.810575878305,2761
0901500010502,2.813671460902477,2240.330527926549,1307
0901500010521,3.4142750658726015,2240.171379605827,1167
0901500010540,2.8839507168591645,2239.0819672131147,1220
090150001056A,2.8548351427091223,2239.3823529411766,918
0901500010574,2.413856559884802,2239.2325,1200
090150001063A,3.7902058322402534,2239.300170068027,1176
0901500010644,3.7946927633031255,2242.2789421157686,2004
0901500010659,2.8457054109887268,2240.6048387096776,1240
0901500010729,8.66526004963352,2249.4609375,768
0901500010771,5.995295172686875,2244.6157793457346,1559
0901500010786,3.270092454900897,2240.5529573590097,727
0901500010790,5.059571860427944,2247.5476900149033,1342
0901500010803,8.486648953273015,2248.572629969419,1308
0901500010841,3.621697925753338,2243.7113402061855,1067
0901500010856,4.635339103640969,2241.5234758234055,1427
090150001088A,3.321624464086453,2241.569411764706,850
0901500010894,3.072621638482654,2242.70054200542,738
0901500010220,2.681218362099355,2244.838383838384,99
0901500010907,3.098624530091464,2242.147455867082,963
0901500011159,2.142794310409014,2240.9247546346783,917
0901500010273,2.644351010263942,2242.0476190476193,189
0901500010288,3.489678547573407,2241.811320754717,106
0901500010305,5.51796345341893,2245.181818181818,121
0901500010517,2.6422515323417333,2240.6947791164657,996
0901500010409,3.339161309032401,2243.590643274854,171
0901500010682,3.1086614920578057,2244.906906906907,999
090150001113A,2.4966898493574217,2240.303296703297,1365
090150001106A,3.2493178482748686,2238.9053208137716,1278
0901500010343,2.6868775933971603,2238.780694980695,1295
0901500010269,5.217100544944794,2245.5,158
0901500010019,2.9124519018078034,2240.353107344633,708
0901500010396,3.4753470544080214,2243.4140127388537,157
0901500010733,5.633090382110094,2243.7212614445575,983
0901500011125,3.0653717260222697,2242.3188302425106,1402
0901500011341,3.8360999687416903,2247.65823817292,1226
0901500011356,3.1475336616652654,2244.938134810711,1083
0901500011534,4.256567807257853,2241.104050833995,1259
0901500010235,3.414472832317525,2245.0344827586205,145
0901500010767,5.29912800625792,2248.7742749054223,793
090150001095A,7.069356665642932,2248.8395061728397,1053
0901500010964,6.879516892760293,2242.9633663366335,1010
0901500010979,3.352593394152106,2239.3752535496956,986
0901500011036,3.514222516665958,2240.6201982651796,1614
0901500011040,3.2163359675350285,2240.7647798742137,1590
0901500011093,3.9461154959199054,2245.6918032786884,915
0901500010381,2.6516460381814984,2243.1801242236024,161
0901500010292,4.765861085991921,2247.2285714285713,140
090150001024A,4.670232613048288,2244.1129032258063,186
0901500010108,2.426992621763172,2239.345276872964,614
0901500010131,3.563363177924801,2240.2520833333333,480
0901500010150,2.789776589311355,2240.0568927789936,457
090150001031A,6.311510103963716,2245.867469879518,166
0901500010324,6.103115957140131,2243.087248322148,149
0901500010606,3.0614181485235252,2243.1890547263683,1005
0901500010610,3.2420455042365206,2240.6909581646423,1482
0901500010625,4.544749371963887,2241.523642732049,571
0901500010822,3.9201587667864044,2246.9715384615383,1300
0901500010837,11.351027058002442,2252.215411558669,571
0901500010428,4.474520563847489,2242.869090909091,275
0901500010201,3.310421380608342,2243.740740740741,189
0901500011017,3.845757146163759,2242.783954154728,1745
0901500011110,3.30845575997491,2242.8464858199754,1622
0901500011337,3.9324950945071824,2249.3262032085563,561
0901500011318,3.0982890824779763,2249.339111592633,923
0901500011322,3.2704398837666355,2245.3870967741937,558
0901500010860,3.9652782778113984,2241.337507827176,1597
0901500010875,4.678686889215656,2241.3001613770844,1859
0901500011106,3.6254271798062825,2243.0958721704396,751
0901500011002,3.8612786713690253,2244.2093663911846,1452
0900300011783,6.672577399974629,2298.7776049766717,643
0900300010357,2.355202544770196,2243.9736842105262,1026
0900300010361,4.134385169836931,2281.207650273224,549
0900300010728,2.9799837889983265,2246.315789473684,1729
090030001054A,4.892731228627623,2277.252931323283,1194
0900300010111,3.481598668204813,2265.8080330773773,1693
0900300011092,3.0108689608059045,2239.2508330808846,3301
0900300010906,4.731351210326484,2245.7723695715536,3431
0900300011425,2.009233252843985,2249.021002710027,1476
0900300011444,3.6869281345985176,2241.224844720497,1610
0900300010018,3.5761382149055403,2261.5012953367877,3088
0900300011105,12.341984650646586,2349.3643410852715,6708
0900300011618,5.5323844131137765,2287.991137370753,677
0900300011073,2.2910958726702453,2240.2672750977836,767
0900300010037,2.9503760326622097,2253.919663351186,1307
0900300011660,4.527111381101035,2268.3934911242604,1352
0900300011694,2.791757139462619,2243.58,500
0900300011730,2.6281295063798393,2245.0216606498193,277
090030001175A,3.9621480510200904,2243.7780294450736,883
0900300011764,3.235166297186512,2245.225402504472,559
0900300011779,3.0307488700515264,2243.9553805774276,762
0900300011798,4.888527567996866,2293.3843537414964,294
0900300010060,3.1199152625814643,2246.499150382328,2354
0900300011139,2.315956279907778,2246.864705882353,340
0900300010022,2.7816670751644965,2256.1815856777494,1173
0900300010041,2.9853307198446024,2250.7480430528376,2044
090030001008A,3.5014026615666465,2244.4759967453215,1229
0900300010075,3.8270271158018856,2246.497813411079,5488
0900300010713,2.7979127776117587,2244.506300630063,2222
0900300011124,6.199108005365279,2258.2446609216936,5338
0900300010094,3.529876522223297,2243.85904628331,1426
0900300010107,2.984416486459274,2241.9925754060323,2155
0900300010130,3.0006559313354995,2256.215601300108,1846
090030001015A,2.8766184546173585,2250.625968992248,2580
0900300010179,3.295008088653393,2243.933908045977,1044
0900300010234,2.8806049140150334,2273.193103448276,725
0900300011228,2.279679425743828,2243.37,300
0900300010412,4.062865418118048,2269.035984848485,528
090030001168A,4.818029080005141,2243.782164737917,1469
0900300011707,2.967557378771754,2243.065573770492,2135
0900300011726,2.7030262833712833,2246.7195004803075,1041
0900300011745,2.8584197386055554,2243.2643356643357,715
0900300011317,3.4623592452744076,2244.9151234567903,648
0900300011478,2.6300788170355585,2239.505540166205,722
0900300011143,2.6682116207496342,2245.5702127659574,235
0900300011529,5.054337026262,2308.1695437731196,1622
0900300011675,2.5145554155008956,2244.9013199245755,1591
0900300010164,2.96701976968461,2245.6562284927736,2906
0900300010183,2.7966101138151935,2244.169957081545,1165
0900300010198,2.977878598711874,2243.3559941520466,1368
0900300010200,4.1575988387637075,2244.5374692874693,1628
0900300010215,3.6658698304105983,2244.813707165109,1605
090030001022A,2.677317536052809,2243.813688212928,2104
0900300010249,4.791372233660726,2269.988888888889,810
0900300010268,2.9239380780427844,2258.3084239130435,736
0900300010380,4.60289537925801,2278.0014992503748,667
0900300010395,3.2411049412051463,2272.291390728477,302
0900300010408,4.624514180256146,2276.0194384449246,463
0900300010535,2.246863991867575,2243.169076052797,1591
0900300010821,2.8661724764946164,2276.3485952133196,961
0900300010836,2.831771248074558,2270.3135371179037,1145
0900300010840,3.6692542524543774,2261.5882352941176,1258
0900300010855,4.106640067489101,2253.293802601377,1307
0900300010889,2.2361643392860855,2244.929338103757,1118
0900300010893,2.16883351457392,2244.4732510288068,1215
090030001093A,2.5090321382572585,2239.8338028169014,710
0900300011020,3.0054813836334064,2251.272226593234,1271
090030001129A,3.309679853553644,2243.6288492706644,617
090030001136A,2.444148707106767,2241.347169811321,530
0900300011374,2.947504566469383,2240.6864111498257,574
0900300011389,2.005255292049929,2242.3478260869565,437
0900300011393,2.4540690397361007,2242.271867612293,423
0900300011406,2.4113671518691766,2239.4823284823283,481
090030001143A,2.9598318389996807,2241.257956448911,2388
090030001150A,2.7796098739021478,2238.1043910521958,1207
0900300011514,2.414274735623908,2237.662962962963,810
0900300011533,6.030321300518211,2305.743276283619,409
0900300011567,3.197937448739447,2300.2580645161293,310
0900300011590,3.293999133283155,2298.9626865671644,402
0900300011482,2.0445551877382675,2240.253918495298,638
0900300010516,2.401310875363014,2242.8270401948844,821
0900300010145,2.835055878339358,2254.0442739079103,1694
0900300010287,2.9445837370244687,2253.9754918881604,2897
0900300010291,2.8403301373064305,2249.1384615384613,1560
0900300010304,2.505478079625989,2247.703056768559,1374
0900300010319,2.9929156907806327,2245.875117370892,1065
0900300010323,2.5887712469557527,2244.8606557377047,976
0900300010342,3.116897211420813,2243.887627017334,1673
0900300010376,4.494868537390009,2282.0125,160
0900300011336,2.069041721239504,2243.274834437086,604
0900300010427,3.760716196531709,2262.4102019128586,1882
0900300010959,2.4995185622141065,2242.5209677419357,620
0900300010431,2.788685484591317,2262.3464345873103,1781
0900300010446,3.4818042274631593,2251.7178975382567,1503
0900300010450,2.5044221783894236,2249.2809086937527,2289
0900300010465,3.010947028746632,2247.9688269073013,1219
0900300010499,1.833912072224114,2243.392631578947,950
0900300010501,1.6552294970010715,2242.9476117103236,1298
0900300010520,3.183215065807644,2242.630890052356,764
0900300010696,2.8140213593216914,2248.7459649122807,1425
0900300010785,4.057688593182451,2279.7397959183672,1372
0900300011162,2.7002346631053706,2263.879755137735,2287
0900300011232,1.9646804707526755,2243.289039039039,1332
0900300011247,2.646371681604057,2243.0019157088122,1044
0900300011251,2.2007603699289775,2241.112526539278,471
0900300011270,2.5007352437774673,2242.9316770186338,805
0900300011321,2.6674975332670225,2243.745945945946,740
0900300010554,4.299548119863256,2269.2100089365504,1119
0900300010573,3.6859815317329296,2256.6298323640094,2923
0900300010605,2.8333784327664127,2245.2,1930
0900300010624,3.149398097160002,2271.1339950372208,1209
0900300010639,3.4943680236398706,2269.516990291262,1236
0900300010643,3.409715465729224,2272.1973684210525,1976
0900300011213,3.041223074886015,2238.8632855567807,1814
0900300010658,3.2597808662031884,2265.6030795551756,2338
0900300010662,3.5729128899723213,2258.2543153049482,1738
090030001079A,4.089405789854033,2293.7588582677167,1016
090030001086A,2.922721153447857,2247.116408668731,1615
0900300010802,3.313449109152571,2280.5244072524406,1434
0900300010817,2.8115677825534795,2280.758246346555,2395
0900300010982,3.6146441026523957,2270.39438417358,1567
0900300010997,3.454667443410979,2265.408568443051,1914
0900300011001,3.15039537908062,2261.1974085365855,1312
0900300011016,3.171515655310223,2258.1946446961897,971
0900300011069,2.337889803990457,2239.230373230373,777
0900300011410,3.1182970536995698,2248.3689522113386,3369
0900300011340,2.9169265803434397,2244.0673076923076,624
0900300011355,3.153464978300881,2242.758675078864,634
0900300011459,3.0986069002444494,2242.0126262626263,396
0900300011497,2.257485093399551,2238.2380952380954,882
0900300011463,5.273288007124398,2242.120948616601,1265
0900300011622,4.714236471910874,2292.406349206349,315
0900300010126,3.1324814276149513,2259.2620850320327,1717
0900300010588,1.8967362884499543,2242.7983104540654,947
0900300010056,3.111871166253664,2249.72748928061,2099
0900300011302,2.0631453486621054,2243.439276485788,387
0900300010272,3.82126216447954,2266.962980769231,2080
0900300010677,2.824362684463273,2252.689381933439,2524
0900300010681,2.4473429838463616,2249.6010037641154,1594
0900300011158,3.2096030576674885,2257.193984039288,1629
0900300011181,2.532392087007917,2238.900390625,1536
0900300010978,3.1227667192291495,2276.627098321343,1668
0900300011656,4.072408890093917,2267.4845869297164,1622
0900300011571,4.387465155605256,2305.2309941520466,342
0900300011552,4.9122005129125155,2303.650557620818,269
0900300011548,3.7479824256002114,2307.7512953367877,193
0900300011586,4.02712229577752,2304.8322147651006,149
0900300011266,3.202730881982202,2242.8968253968255,504
0900300011285,2.1789076500784006,2242.6602658788775,677
090030001061A,2.8361642528656263,2270.856124432923,1543
0900300010770,5.203657301015599,2303.7909192131633,32332
0900300010484,3.0395464054598427,2245.4163701067614,562
0900300010709,2.7488499462841616,2247.045363575717,1499
0900300010963,5.809470920158172,2285.005432814198,2761
0900300011637,5.359398296013704,2290.538752362949,529
0900300011641,5.258389217920477,2275.032913165266,1428
0900700010638,2.333476942955489,2238.5257498585174,1767
0900700012121,4.7507151004963974,2254.651074589128,4746
0900700010271,2.2438140794007895,2234.718600953895,1258
0900700010623,2.1584009901469257,2238.247885835095,1892
0900700010479,2.2548348096599207,2237.3932651834034,1663
0900700014274,9.126233749375785,2344.6873339238264,1129
0900700012795,8.146470206652758,2322.43990086741,807
0900700014842,6.9201073506843285,2318.370509383378,1865
0900700015291,8.803268731992697,2296.948490230906,563
0900700011458,2.893025152984983,2241.4338521400778,514
0900700011462,2.3218206479693224,2239.7594405594405,715
0900700013897,2.884762847228519,2243.236180904523,796
0900700011180,2.5269950992037136,2240.6559094719196,2386
0900700011195,2.0917529457541257,2241.8398876404494,1068
0900700010500,2.542798851651344,2239.0104712041884,1528
0900700010515,2.4123043581825616,2239.0772578890096,1838
090070001369A,2.663613310758871,2235.313953488372,602
090070001440A,2.198487461962013,2241.462962962963,216
0900700010642,2.8836993694534567,2241.3139442231077,1255
0900700013632,2.791947373595812,2239.1203791469193,1055
0900700011852,4.926084714545316,2255.4857928505958,1091
0900700011867,5.428316227060457,2256.6625397948355,2827
0900700011941,2.929972011783921,2242.28504398827,1705
0900700010229,3.4314293929843886,2238.767620376832,1433
0900700012371,2.1238469244693214,2237.716894977169,219
0900700012386,1.8658061617193498,2235.7666263603387,827
0900700010017,2.0969048083317485,2236.5124411566912,1487
0900700010888,2.154218674100348,2237.9521739130437,690
0900700011176,3.1138955216849564,2242.0445901639346,1525
0900700010924,2.8277640792306777,2241.7118834080716,892
0900700014397,2.563565562766203,2243.4088176352707,499
0900700013100,10.849031997923895,2339.201951219512,1025
0900700014575,2.981540114821678,2239.1724137931033,87
0900700010680,1.9127450585272874,2239.3524283935244,803
0900700010695,2.2009594594982933,2239.4925213675215,936
0900700010727,2.3864312061026496,2240.55655482532,2891
0900700014147,2.751242728474825,2247.2758620689656,58
0900700011015,2.57405312098631,2240.1006202618883,1451
0900700015427,1.8625868697269672,2239.5717761557175,411
0900700013115,12.272190305133257,2365.5649419218585,947
0900700012174,2.740232510882319,2248.923076923077,676
0900700012189,3.0883381514313424,2249.4763513513512,592
0900700012390,3.3905358773975,2238.438803620622,2541
0900700012403,3.685205719405934,2239.6300775901414,4382
0900700012456,2.8364388030202172,2237.560538116592,892
0900700013083,8.953772273790648,2293.8072562358275,882
0900700010939,2.3133012837110143,2240.5056603773587,1325
0900700010981,2.8454593855370978,2245.8498711340208,1552
0900700010021,3.1252791459317972,2236.8557650153443,2281
090070001006A,3.0148072638776906,2236.9202551834132,627
0900700010089,2.1184105442225696,2236.204172876304,671
0900700010093,1.7450835964007887,2238.078767123288,584
0900700010178,1.7892712962734865,2236.473488372093,1075
0900700010182,2.5727403556398247,2239.910975609756,820
0900700010214,2.229632356135616,2239.614920460779,1823
0900700010318,3.0154507582429777,2236.533238027162,1399
0900700010322,2.887360992226799,2239.3659827928523,1511
0900700010375,3.047201205551117,2238.1715555555556,1125
0900700010483,2.67934372522053,2239.171985815603,1692
0900700010498,2.919757276943963,2239.35128458498,2024
0900700010801,2.7668509179964547,2241.979797979798,1386
0900700010892,1.690530951946013,2239.4897119341563,486
090070001134A,4.939837971776123,2258.0818888224744,1673
0900700011354,2.0415339515514046,2241.104290429043,1515
0900700013134,15.623266877037068,2472.2645768025077,1595
0900700013420,12.852253179628804,2414.2103235747304,5192
0900700013492,2.2673778680028507,2242.2364532019706,812
0900700013539,1.4928377770898917,2241.5164705882353,850
0900700014289,8.479990411166105,2303.9298245614036,855
0900700014325,2.0558992804557117,2242.3656387665196,454
0900700014359,2.5453680357321935,2241.512711864407,472
0900700015408,3.4529833145024584,2239.9166666666665,288
0900700014363,1.677515740132809,2245.738041002278,878
0900700015107,5.2841199031318125,2237.2713293650795,2016
0900700015338,34.5717266854517,2439.4612840466925,5140
0900700010337,2.670220868769501,2239.069841269841,945
0900700010553,2.519935330680708,2240.471153846154,1352
0900700010568,2.363043605886086,2239.4284750337383,1482
0900700010572,2.362051716117349,2239.056009334889,1714
0900700010587,4.8023890613331055,2241.0193704600483,413
0900700010619,2.3779097982824604,2240.2831612390787,2518
0900700010676,2.3867815692055205,2239.9309683604984,1043
0900700010708,2.4188149135097734,2239.9408396946565,1048
0900700013613,2.045844647604354,2236.8890942698704,541
0900700013628,2.4205949778980083,2236.634730538922,167
0900700013789,5.6521340875441615,2258.3246753246754,770
0900700013844,2.550267551141389,2241.676616915423,201
0900700015037,6.420514442021799,2334.761827079935,613
0900700015554,3.4054674578722315,2268.461187214612,438
090070001561A,3.062339769766271,2240.7008547008545,117
0900700015925,5.8079208971624,2259.2193995381062,433
0900700010765,1.8485241464655557,2239.715877437326,718
0900700012831,3.3923682210604196,2253.378170289855,2208
0900700015681,2.720232928250048,2238.9718309859154,710
0900700014128,2.5041163369931967,2244.8,600
0900700015696,4.081580296761249,2241.5501253132834,798
0900700015910,1.6280738283469676,2245.201814058957,441
0900700015249,5.317776637751341,2256.3179347826085,1104
0900700015766,2.3653088409347847,2234.3661670235547,467
0900700015770,2.5521473979076963,2235.2766570605186,347
090070001579A,2.8470453651505605,2238.0,69
0900700010958,2.0172111578617753,2240.6251067463704,1171
0900700011000,2.568588257738252,2240.140752864157,1222
0900700011087,2.7885513735205794,2239.9256891729924,2503
0900700014039,2.340880789035814,2249.907529722589,757
0900700013651,2.704537186792579,2240.8769180541954,3063
0900700013666,2.867117630932519,2239.7581755593806,1162
0900700013702,2.5236098825201205,2238.201421800948,422
0900700013967,11.523197078622314,2312.1077720207254,965
0900700013986,10.672701778461253,2275.235294117647,306
0900700014043,2.3722170377592344,2251.290804597701,870
0900700014058,1.478780526125362,2245.6157894736843,570
0900700014448,2.757545691114634,2244.184090909091,880
090070001383A,2.45124129120865,2241.9716006884682,1162
0900700014077,27.337680239673404,2317.701015965167,689
0900700014768,2.5823086676963727,2248.8833592534993,643
0900700014838,8.577188814801145,2321.8295454545455,264
0900700014857,18.101813066858817,2369.1503294892914,2428
0900700014861,36.10656874905409,2373.0889558989825,2653
0900700014772,2.5315739612324424,2253.956834532374,695
0900700015018,2.3855610498603683,2245.6429942418426,521
0900700014876,9.641665313617779,2419.810635538262,771
0900700014895,3.5893370239465088,2240.2426550598475,919
0900700014908,2.5383425749775625,2239.2950519242518,1637
0900700014880,12.215534562435757,2403.904073587385,761
0900700014946,3.8639887296109108,2270.819322459222,797
0900700014965,6.61318212114254,2258.6972519795063,2147
090070001497A,2.447671112786638,2250.407205240175,916
0900700014984,4.6599812376993,2257.2686025408348,551
0900700011104,2.3720097443611583,2243.300789364354,2407
0900700011123,3.7821754163595265,2249.009900990099,2424
0900700014503,2.5344256259648406,2236.1976470588233,425
0900700015304,7.825553960594096,2319.1585204755615,757
0900700015319,11.078984363081306,2379.21968787515,833
0900700015465,2.621851849490297,2249.739776951673,269
0900700015569,4.769968471633227,2273.3178717598907,733
0900700015573,5.786822803616238,2273.4125766871166,652
0900700015588,14.249456342490152,2294.6168359941944,689
0900700015639,3.6793213341159166,2239.4821428571427,168
0900700015643,4.63642125215856,2236.6067415730336,89
0900700015662,7.67544862280908,2236.05163991626,1433
0900700015677,1.9868826591874937,2238.159844054581,1026
0900700015751,2.0923880027706945,2235.6311111111113,225
0900700015817,2.3468926515691693,2241.4791666666665,48
090070001586A,3.340716604565651,2239.5450346420325,433
0900700015821,1.3985398761813501,2240.56,50
0900700015836,2.65334370603351,2239.409090909091,44
0900700015840,1.8073056828647587,2239.8,80
0900700014715,6.688238146712666,2244.874149659864,6762
0900700011301,3.2211112787872147,2243.0459707950245,1849
0900700011091,2.691850671247846,2241.721484375,2560
0900700011246,2.8914628381979988,2247.9764551994767,1529
0900700011369,2.6744860991540857,2244.7020905923346,1722
0900700012691,6.160836449719164,2264.3943089430895,1722
0900700011636,2.844002927470531,2244.2465034965035,572
090070001465A,2.6535569949924076,2239.670792079208,404
0900700011640,2.4145583868615934,2244.124189063948,1079
0900700011655,3.0650178560681973,2245.4789915966385,1071
090070001166A,2.5154724944179034,2243.1653272101034,871
0900700011674,1.985848307997271,2243.2036144578315,830
0900700011689,2.279856943464723,2243.260563380282,852
0900700011693,1.9933452748199525,2244.1490066225165,604
0900700011706,2.082677620884573,2245.5045871559632,2071
0900700011710,2.7620925269985697,2246.9980079681277,2510
0900700011763,2.3240490817532136,2246.292609351433,1989
0900700011960,2.323775237269175,2244.715976331361,1521
0900700011975,1.96187337121303,2244.4456824512536,1077
0900700010657,2.3838867582714727,2239.8614270941057,967
090070001198A,2.290619059563527,2246.2257785467127,1156
0900700014560,2.6074204191106487,2241.019230769231,104
090070001287A,2.160223061490626,2245.8613376835237,613
0900700012884,2.688792731470901,2248.49765258216,639
0900700012899,2.8359227582780733,2248.7304283604135,1354
0900700014452,2.223984846963944,2241.9541484716156,458
0900700012920,9.739196113733865,2340.086107921929,871
0900700012935,8.581442634567024,2320.2716836734694,784
090070001294A,11.39767535295324,2332.436728395062,648
0900700012954,14.073058025089098,2326.2256,625
0900700012973,11.400280837001807,2363.9244663382597,609
0900700013030,2.6924290152873263,2251.7782101167313,1028
0900700015855,1.6419147644895202,2239.4193548387098,62
0900700011138,3.425114452482207,2244.9981658107117,2726
0900700011142,2.285019575704196,2241.9791231732775,479
0900700011157,2.628707171154157,2241.804780876494,502
0900700011208,3.1722823312380535,2246.0903896103896,1925
0900700011250,2.739742667195313,2245.062084257206,902
0900700011509,2.381115466491707,2241.5097132284923,2162
0900700010233,2.47496164630028,2237.4692556634304,309
0900700011513,2.456241847878107,2243.046240450342,2487
090070001159A,2.273406951298006,2247.3157240522064,1609
0900700011566,2.8732392544823577,2243.752766251729,2892
0900700011621,2.2939680855246025,2241.5372340425533,940
0900700015906,2.6013102882931864,2245.4569190600523,383
0900700014429,2.440925435598728,2243.108932461874,459
0900700015056,2.919925461961555,2254.698113207547,106
0900700014556,2.960882961250369,2240.2897196261683,107
0900700015802,3.2551074826251107,2240.5,50
0900700011814,2.221560279972223,2245.0668604651164,688
0900700011890,2.1600680366811273,2245.29243697479,1190
0900700011918,2.1650794438367407,2245.7752442996743,921
0900700011848,4.502002051495679,2252.589211618257,723
0900700012140,2.10625961307984,2243.8723252496434,1402
0900700012155,1.9993523004858755,2243.1006979062813,1003
090070001216A,2.287770751782855,2244.505325443787,845
0900700012460,2.5984786421185566,2238.4892680242156,1817
0900700012475,3.209155369673122,2237.7162229040878,10103
0900700012494,2.754744553788466,2239.29945799458,738
0900700012507,2.283628981522695,2241.38330170778,527
0900700012530,3.8772278821345965,2252.220855614973,1870
0900700012545,3.3148135477512732,2251.2256466703357,1817
0900700012757,4.419810985276896,2266.5497131931165,1046
0900700014062,2.078250450265526,2246.3990825688074,436
0900700011994,3.821879066544673,2247.756554307116,2670
0900700012047,3.421127414688828,2252.6685150955022,1623
0900700012070,1.8296969446064615,2242.5740181268884,662
0900700012085,1.5814074109087075,2242.4201312910286,914
090070001209A,2.9876195162891284,2243.222876366695,1189
0900700012102,2.6915645188331685,2246.266418835192,807
0900700015484,3.936031507740418,2242.2888563049855,682
0900700010074,2.3846737159002744,2236.368029739777,538
090070001376A,5.597714032320656,2255.171328671329,572
0900700014537,3.5034446255804994,2241.5729166666665,96
0900700010360,2.2889826230627364,2239.0111396743787,1167
0900700014541,2.8528981829274174,2239.6633663366338,101
0900700012117,1.9549225343072676,2244.2149929278644,707
0900700013717,1.9718385038161101,2237.8743718592964,398
0900700010943,1.784147413156862,2239.8798828125,1024
0900700010591,2.412198517868008,2238.566617862372,683
0900700011335,4.64430699376679,2249.8539042821158,397
0900700011496,2.5334371870082606,2242.203853955375,986
0900700013026,1.5540565870430672,2245.5480093676815,427
0900700014594,2.9882469749748486,2238.7321428571427,168
0900700014645,3.4286814606401697,2238.453781512605,238
0900700014683,2.4787361952877114,2237.362433862434,378
0900700010962,2.085892378055949,2241.582191780822,1460
0900700010784,2.9817429630379797,2246.46813960935,3123
0900700010816,2.8339131000120825,2240.1051724137933,580
0900700010820,1.8582196608008488,2239.831683168317,505
0900700010835,2.191543860395191,2242.794441782463,2087
090070001084A,2.606696145517851,2248.2579006772007,1772
0900700010854,3.089869647986974,2246.0171258376768,1343
0900700011284,2.3176321686853423,2238.355421686747,332
090070001141A,1.937447093145792,2248.2335766423357,1096
0900700011424,2.572257821036469,2246.0188679245284,1219
0900700011439,2.6063444853916664,2246.1516646115906,811
0900700012687,8.669707408172277,2274.9285714285716,896
0900700012704,8.225981506126958,2303.823529411765,918
0900700012719,7.273054763217741,2299.7649082568805,872
0900700012776,4.975733746168929,2258.7661971830985,1420
0900700012780,7.909871877580572,2295.867510548523,1185
0900700011443,2.7618901893076333,2239.8458149779735,681
0900700012808,2.132211390230379,2241.935883014623,889
0900700012812,2.4909640809590754,2244.591755319149,752
0900700012846,2.1769253674321627,2245.916478555305,886
0900700012850,2.04367673834251,2243.426303854875,882
0900700014679,3.2474473128200634,2236.1641791044776,67
0900700013153,6.244922479663149,2353.8691860465115,688
0900700013204,4.114006432988328,2261.3512931034484,928
0900700013219,5.00523145053342,2274.4921803127877,1087
0900700013223,6.9830699365290325,2269.233547351525,1246
0900700013238,8.299538179487199,2290.139844617092,901
0900700013257,16.817294650017725,2339.5469208211143,682
0900700013276,8.029316905916524,2323.71102661597,1052
090070001351A,1.7561093770011704,2242.5,956
0900700013558,2.5339515940415174,2236.0968622100954,733
0900700014081,18.77116145731631,2355.4560943643514,763
0900700014170,3.2562509357249505,2263.2637540453075,618
0900700014185,3.07375758929699,2262.949083503055,491
090070001419A,3.1735285049906743,2253.255617977528,356
0900700014202,3.3759659168066616,2256.048598130841,535
090070001426A,7.591046517870642,2345.5408163265306,1176
090070001508A,9.733594538004839,2350.7809694793536,557
0900700015094,4.701392178743536,2241.4451219512193,164
0900700015111,3.0477293288102634,2240.2779740871615,849
0900700015450,3.428933280402566,2250.2536585365856,615
0900700015431,2.5298637976466605,2240.2137733142035,697
0900700015446,2.720172734172513,2239.2439729990356,1037
090070001547A,3.529446487499627,2239.8751677852347,1490
090070001038A,2.669461678662217,2238.307003257329,1228
0900700010604,3.503180803580745,2242.2776859504133,605
090070001091A,2.94549816902199,2240.845906902087,623
0900700010977,2.2657402417181602,2244.246722288439,1678
090070001390A,3.6057377905028676,2241.0784671532847,1096
0900700013914,2.1888116820956247,2241.572267920094,851
0900700014927,2.3844459085214877,2247.127746135069,1229
0900700015785,2.2044640310658714,2238.1428571428573,70
090070001305A,2.533085191087879,2250.211937716263,1156
0900700014804,10.481985306424379,2306.780701754386,342
0900700010905,3.4415634028397446,2244.246449456976,1197
090070001262A,6.067732411487967,2284.513609467456,845
0900700012634,6.742771906612867,2275.775112443778,667
0900700012649,6.237729592377012,2267.2383720930234,860
0900700014611,1.9178515667903062,2239.8020833333335,96
0900700013562,2.4847956492854757,2235.8126272912423,491
0900700015412,1.336983534365857,2240.990783410138,217
090070001593A,2.4874822714239553,2250.3343023255816,344
0900700015376,3.008639542225416,2242.455938697318,261
0900700014293,7.320723190337027,2279.9904705181657,1679
0900700012206,3.1521997672810387,2248.8541666666665,432
0900700012193,1.8423134654863125,2244.87012987013,539
0900700015874,2.092632034993243,2239.7549295774647,355
0900700012437,4.67499578422339,2240.643874643875,702
0900700012441,9.547191937249703,2257.9150428682774,1283
0900700011316,1.959936026924589,2242.5955056179773,712
0900700010040,1.8325503317951317,2236.268703898841,949
090070001013A,2.616962692850381,2237.394511149228,583
0900700010197,2.7633956872570065,2238.5604900459416,653
0900700010248,2.062339724098521,2237.887459807074,311
0900700010407,2.6774048995891384,2238.930245535714,1792
0900700010411,2.9301715300329576,2239.222408026756,1794
0900700010426,2.4965280778718375,2239.3283502402564,1873
0900700015747,2.25657148380797,2234.669603524229,227
090070001554A,2.9017430846006382,2243.7590579710145,552
0900700010750,2.5332023811309865,2240.7195523370638,3038
090070001077A,1.7207481289769038,2240.956474428727,919
0900700013149,9.626937559471244,2376.3213773314205,697
0900700013365,10.273222564393334,2378.600352112676,568
090070001337A,3.6454410765489484,2258.961179007908,1391
0900700013401,5.0250204936652745,2270.8106280193238,1035
0900700014433,2.5652960273378014,2242.799245994345,1061
0900700013488,1.3066974358712284,2242.67094017094,702
0900700013505,1.9942595331058368,2243.1626297577855,867
0900700014306,2.752945921737957,2241.031545741325,317
0900700014310,1.7290399785052237,2241.8824786324785,468
090070001433A,1.6395081223350338,2242.699019607843,1020
0900700014382,2.5774268528826716,2241.440789473684,456
0900700014414,2.6962630308339084,2247.839741708248,3407
0900700014664,3.1749053617670606,2235.9221556886228,668
0900700015041,7.2699417233498735,2338.7521834061135,916
0900700015060,2.719438682797694,2250.1292962356792,1222
0900700015323,19.488356669774888,2482.2831460674156,2225
0900700015342,17.79862187313534,2412.4280373831775,1605
0900700012738,5.9175942139533575,2295.8160337552745,1185
0900700011759,2.37169404687911,2245.4244663382597,1218
0900700015287,2.8884888333159275,2241.7876543209877,405
0900700013806,4.964336831824235,2257.0689223057643,798
0900700014471,2.704363005946797,2242.334448160535,299
0900700011477,2.171424943451064,2239.1622641509434,795
0900700011299,2.1814991523567735,2241.668449197861,935
0900700013242,10.312089038183597,2348.6039603960394,1212
0900700013346,35.612634695688975,2484.4541040462427,4325
0900700015658,4.7705012142498,2235.81201171875,2048
0900700015605,2.949532084589548,2233.9774647887325,1775
0900700013596,5.033063610769442,2237.30729316806,3469
0900700015183,2.4001749165822397,2238.375,296
0900700014749,3.4996578341442253,2258.025620496397,1249
0900700012051,19.289059507760594,2276.145415318231,4635
0900700013327,3.46333242258345,2258.415444015444,1295
0900700015130,3.00477036509653,2245.634945397816,641
0900700014151,3.0765294589143695,2247.011286681716,443
0900700010445,11.96033418639821,2245.427320490368,1142
0900700015253,35.33919877227427,2302.8421913327884,1223
0900700010464,6.804466074006042,2245.4291383219957,1764
0900700010252,1.716787777145783,2237.293453724605,443
0900700010144,2.5088439896712615,2236.905956112853,319
0900700010036,2.418358445738984,2237.2171888230314,2362
0900700012511,1.948992602054839,2240.5197740112994,354
0900700012526,2.7085918945116894,2239.451612903226,403
0900700014344,2.4354266688991153,2242.5598194130926,886
0900700014734,2.5494686475685397,2239.2728358208956,1675
0900700011049,2.800317613977302,2238.202724358974,1248
090070001472A,2.9875875175722095,2239.5962325962328,1221
0900700015395,2.897439130138631,2258.6072289156627,415
0900700011481,1.9022980374822496,2240.5181102362203,635
0900700013581,2.626816267987771,2236.5193591455272,749
0900700014113,3.223540627921543,2247.2622478386165,694
0900700014522,3.440072636093185,2239.554347826087,92
0900700014698,4.845349913784983,2238.6155023923443,5225
0900700015179,3.6890409098469963,2239.8587360594797,269
0900700015198,3.109833451249243,2239.9010123734533,2667
090070001515A,2.9862232401614643,2241.0290178571427,448
0900700015126,2.86311524822175,2240.4343220338983,472
0900700015268,15.360867720358726,2266.1175811870103,893
0900700015200,4.153696519637866,2240.519850187266,1335
0900700010356,2.480177816443847,2238.203791469194,1266
0900700011778,8.65792893587823,2265.333951762523,1617
0900700013825,10.711144951304957,2292.1418636995827,719
0900700011265,2.240246551964747,2242.3460803059274,1046
0900700011053,1.9405136417177644,2237.4683357879235,1358
090070001127A,1.9053421877391261,2238.608510638298,705
0900700015624,2.6250971527512044,2240.954128440367,1853
090070001401A,8.652011272912006,2299.0481171548117,478
0900700011833,5.726378040507597,2263.155694879833,957
0900700014109,12.644798181017746,2314.050930460333,1021
0900700014096,9.581454982526582,2299.527950310559,966
0900700013859,2.199086099566885,2250.891737891738,351
0900700013863,2.6388006280491205,2246.9357638888887,1152
0900700015499,3.224909756317246,2266.127541589649,541
0900700014791,1.805951967193437,2241.9098143236074,377
0900700014912,2.6232490037030822,2244.046259280411,1751
0900700015145,2.606960578450299,2245.9613526570047,828
0900700015535,3.271454091669798,2245.646017699115,678
0900700011388,6.584110289196518,2273.468315301391,1941
0900700014024,8.512449165914033,2328.8446414803393,2594
0900700015501,3.3608683574411833,2266.0693641618495,519
0900700015516,7.4735493329631835,2274.6927710843374,664
0900700015520,2.6485595586413933,2264.4839650145773,343
0900700013045,2.1680615070641096,2250.291093410572,1381
0900700013295,2.39697169388632,2253.7671232876714,803
0900700015357,2.199435026944945,2241.833124215809,797
0900700015361,3.383158454456287,2242.9274193548385,1612
0900700011585,8.874168828570435,2298.0590929912964,4366
0900700013990,10.454647269901848,2295.8314393939395,528
0900700015709,7.91210974202508,2275.01230228471,569
0900700015215,3.383577482747002,2252.379389752447,1737
0900700014931,6.601602591847685,2281.2489316239316,936
0900700012579,4.653649447505253,2259.5805008944544,1118
0900700012600,4.100924922333522,2258.565317035905,1309
0900700014240,9.816187981226465,2312.5710659898477,788
0900700015075,8.215796630848072,2320.72402044293,587
0900700010055,2.230586410485792,2238.2295552367286,697
0900700010106,2.192267726838504,2239.509499136442,579
0900700010110,2.293619979111207,2239.8891050583657,514
0900700010731,2.2190718736769366,2239.3263888888887,2448
0900700013577,2.7372869897539664,2235.5924006908463,579
090070001255A,4.723595236270159,2256.9482884195195,1373
0900700013774,10.828787923752246,2274.5467948717946,1560
0900700013971,9.350416643415238,2275.4336917562723,837
0900700010286,2.6718292766105396,2234.2938829787236,752
0900700010290,3.267854438489564,2234.183035714286,224
0900700010303,3.4903393872678588,2233.258706467662,201
0900700013740,5.177112323173704,2254.011439466158,1049
0900700011227,8.506082924662987,2266.5799676898223,1238
0900700014236,2.878978790157591,2260.2769953051643,852
0900700015732,2.3950632027313037,2257.2076023391814,342
0900700015380,3.6012027375678883,2259.9977341389726,1324
0900700013755,9.946897971266967,2297.664482306684,763
0900700013793,8.92121310534993,2280.6620209059233,861
0900700012672,17.99846461293392,2353.8522117962466,5968
0900700015728,3.3903285044292546,2255.85667752443,307
0900700010746,2.937483866351315,2245.099736147757,1895
0900700015713,8.074388959391575,2277.3883161512026,582
090070001522A,6.072918676501887,2265.8118644067795,590
0900700015592,3.2325956006317274,2234.241676942047,811
0900700013670,3.4483161125587585,2239.6120440069485,1727
0900700014166,1.730957369515922,2245.5387931034484,464
0900700014217,2.0749618383183996,2256.070496083551,383
0900700012988,7.021310171889373,2300.7965465465463,1332
0900700015893,8.945665301948498,2297.8459821428573,896
0900700015889,9.87647915072223,2289.671186440678,295
0900700013810,8.607124817852874,2261.9375,544
0900700014467,2.124353482253311,2240.690909090909,330
0900700010534,2.7854892472318786,2239.602425015954,1567
0900700015272,2.3002524209171837,2239.80658436214,972
0900700013647,2.8556878678262856,2238.4357429718875,498
0900700012653,6.798720147340486,2283.261348005502,727
0900700012668,7.816407710511238,2282.8647959183672,784
0900700012901,3.9521151926608495,2259.757946210269,1227
0900700014999,3.142629273392708,2247.672950819672,1220
0900700015003,3.5332650505718504,2250.4079754601225,652
0900700013064,2.489982178203936,2255.7012487992315,1041
0900700013079,2.114563520595104,2253.2208638956804,1227
0900700012723,10.361180888275712,2295.442028985507,1104
0900700012564,8.166784928610872,2263.8204294079374,1537
0900700012615,7.254126056905234,2282.451923076923,1248
0900700012969,12.98550814921599,2342.435460992908,705
0900700013721,2.3131308310925727,2238.985887096774,992
0900700011034,2.4624325555667004,2239.1398058252425,1545
